state,geography,requirement,dataset,publisher,url,access,license_terms,spatial_coverage,temporal_coverage,update_cadence,key_fields,missing_fields,quality_issues,method_use,score,verified
CT,statewide,R1;R2;R3;R7,"Connecticut CAMA and Parcel Layer (current, 2026 collection)",CT OPM GIS Office / COGs,https://geodata.ct.gov/datasets/ctmaps::connecticut-cama-and-parcel-layer/about,ArcGIS FeatureServer (maxRecordCount 2000) + CSV/SHP/GDB/GeoPackage download,CC0 1.0,169 towns (some suppress owner names),2025-26 collection; updated 2026-09-09,"Annual (towns must submit by May 1, CGS 7-100l)","Parcel_ID, CAMA_Link, Town_Name, State_Use, State_Use_Description, Zone (local code), Land_Acres, Living_Area, Effective_Area, AYB, EYB, Occupancy, Number_of_Bedroom, Assessed/Appraised Land & Building, Sale_Price, Sale_Date, Prior_Sale_Price, Owner, Mailing_Address",Explicit unit count (Occupancy semantics must be checked per town); owner-occupancy flag (infer from mailing address),Town-level CAMA vendor differences in State_Use coding; Zone is raw local code not harmonized,"Eligible-parcel denominator (SF use code x lot area x zone); pro-forma inputs (values, sale prices)",3,Y
CT,statewide,R2,Connecticut CAMA and Parcel Layer 2024 (archived edition),CT OPM GIS Office,https://catalog.data.gov/dataset/connecticut-cama-and-parcel-layer-2024,ArcGIS / data.ct.gov (u6rs-jyvg),CC0 1.0,169 towns,2023-24 collection (created 2024-10-31),Frozen annual edition,Same schema as current layer,Pre-2023 vintages (no pre-PA 21-29 panel),"2023 edition used Web Mercator, 2024+ State Plane; schema drift across editions",Parcel panel 2023-2026 for splits/new units/demolitions (post-reform only),2,Y
CT,statewide,R4;R6,DECD Annual Construction Report 1997-2025 (permits + demolitions by town),CT DECD,https://data.ct.gov/Housing-and-Development/DECD-Annual-Construction-Report-1997-2025/wmfh-25km,Socrata API (wmfh-25km) CSV/JSON,Public Domain,169 towns,1997-2025 (1997-2017 Census BPS; 2018+ DECD survey/Census),Annual,"Year, Places, County, Total Units, 1 Unit, 2 Unit, 3 and 4 Units, 5 or More Units, Demolitions, Data source",ADU flag; COs/completions; record-level,Source switches 2018; survey non-response imputation unclear,Town-year panel for DiD/synth control on PA 21-29 opt-outs; net units = permits - demolitions,2,Y
CT,statewide,R4;R6,"CT Housing Data Hub - Permitting DECD (+ Permitting-Permits, Permitting-Demos maps)",CT DECD / OPM GIS,https://data.ct.gov/dataset/CT-Housing-Data-Hub-Permitting-DECD/cudc-kvkv,data.ct.gov / geodata.ct.gov,CC0 1.0,169 towns,1997-2024,Annual,"Permits by structure type, demolitions by town",ADU flag,Duplicates Annual Construction Report,Cross-check of DECD series,2,Y
CT,statewide,R4,Annual/Monthly Building Permits Issued by Units in Structure,CT DECD,https://data.ct.gov/Housing-and-Development/Annual-Building-Permits-Issued-by-Unit-Structure-2/edff-dxit,Socrata API,"Public Domain (assumed, data.ct.gov)",169 towns,2006-present,Monthly/annual,Units by structure type by town-month,ADU flag,Not opened this pass,Monthly timing around reform dates,2,N
CT,Hartford,R4;R6,Building Permits 20200101 to Current,City of Hartford (Accela),https://catalog.data.gov/dataset/building-permits-20200101-to-current,ArcGIS FeatureServer + CSV/GeoJSON,CC0 1.0,City of Hartford,2020-present (older 'Building and Trades Permits 2011-' also exists),Nightly (catalog last modified 2024-09),"RECORD_ID, DESCRIPTION, DATE_OPENED, DATE_CLOSED, RECORD_TYPE_TYPE, B1_APP_TYPE_ALIAS, RECORD_STATUS, PROPERTY_ADDRESS, UNIT (address unit, not count), PARCEL_ID, Total_Construction_Cost, DateIssued",Units created; ADU flag; CO date,Must parse DESCRIPTION for new units/ADUs; UNIT is apartment number,Local validation of DECD counts; ADU text-mining,1,Y
CT,New Haven,R4,New Haven building permits,City of New Haven,https://www.newhavenct.gov/government/departments-divisions/office-of-building-inspection-enforcement,Online permit portal only; no open dataset found,Public records (FOIA),City,n/a,n/a,n/a,All (no bulk export),Site returned 403; no open-data permit set located,FOIA fallback only,0,N
CT,Stamford,R4,Stamford building records,City of Stamford,https://www.stamfordct.gov/government/operations/building-department/building-records,Per-address municipal search (stamfordapps.org); no bulk,Public records (FOIA),City,n/a,n/a,n/a,All (no bulk export),Site returned 403; no open dataset located,FOIA fallback only,0,N
CT,statewide,R7,Real Estate Sales 2001-2024 GL,CT OPM,https://data.ct.gov/api/views/5mzw-sjtu.json,Socrata API (5mzw-sjtu),Public Domain,"169 towns, sales > $2,000",List years 2001-2024 (Oct-Sep),Annual,"Serial Number, List Year, Date Recorded, Town, Address, Assessed Value, Sale Amount, Sales Ratio, Property Type, Residential Type, Non Use Code",Parcel ID (join by address); building attributes,Address-only join to parcels; non-arms-length codes need filtering,Sale price / land value inputs for pro forma; hedonic land residual,3,Y
CT,statewide,R3,Connecticut Zoning Atlas (NZA),Desegregate CT / National Zoning Atlas,https://www.zoningatlas.org/connecticut,Web map + snapshots; bulk data via Land Use Labs license,NZA Terms of Use: no download/redistribution/commercial use without written permission; bulk data licensed via Land Use Labs. Not Apache-compatible as a dependency.,187 zoning jurisdictions,"2022 release, spot updates",Irregular,"District polygons with SF/2-family/3+ permitted status, min lot size, process",Open bulk download,License blocks redistribution; can use as reference only,Identify SF-only districts; calibrate eligible share,2,Y
CT,statewide,R3,Zone field in CAMA parcel layer,CT OPM GIS Office,https://services3.arcgis.com/3FL1kr7L4LvwA2Kb/arcgis/rest/services/Connecticut_CAMA_and_Parcel_Layer/FeatureServer/0,FeatureServer,CC0 1.0,169 towns (completeness varies),2023-2026,Annual,Zone (raw local zoning code per parcel),Crosswalk to use/density rules,Raw codes; blank in some towns (to enumerate),"Open alternative to NZA: parcel->local zone, then manual crosswalk of SF-only zones",2,Y
CT,statewide,R9,PA 21-29 ADU opt-out status by town,CT Mirror / Desegregate CT / CRCOG survey,https://ctmirror.org/2023/09/20/ct-allow-adu-accessory-dwelling-unit-regulations-opt-out/,News/report tables; CRCOG PDF,Copyrighted reports (facts reusable),169 towns (115 opted out; 54 did not; ~59 opted out but allow ADUs locally),2022-2023,One-off,Opt-out status of ADU and parking provisions,Official state list; ADU permit counts,Opt-out endogenous and many opt-outs still allow ADUs: treatment is fuzzy,Treatment assignment for ADU DiD (opt-in vs opt-out towns),2,Y
CT,statewide,R8,Local fee schedules; PA 21-29 fee limits,Towns; CGA,https://www.cga.ct.gov/2021/SUM/PDF/2021SUM00029-R02HB-06107-SUM.PDF,PDFs per town,Public,Per town,Current,Irregular,"Building permit fee rates (typ. per $1,000 valuation), land-use application fees",No state fee reporting; no impact fees data,Must scrape 169 towns,Check $50k Handbook baseline; CT fees likely well below $50k,1,N
MA,statewide,R1;R2;R7,MassGIS Property Tax Parcels (Level 3) incl. L3_ASSESS,MassGIS (EOTSS),https://www.mass.gov/info-details/massgis-data-property-tax-parcels,"FGDB (7.9GB) / SHP (7.2GB) statewide 'all vintages' zips, per-town downloads, ArcGIS REST feature service",No explicit license stated on page (state public data; disclaimer only),All 351 municipalities (Boston standardized 2020),Town-specific fiscal years; statewide aggregates Jan/Jul; data current Sept 2026,"Weekly submissions, ~monthly publication","PROP_ID, LOC_ID, USE_CODE (DOR class), LOT_SIZE, YEAR_BUILT, BLD_AREA, RES_AREA, UNITS, STYLE, STORIES, NUM_ROOMS, BLDG_VAL, LAND_VAL, TOTAL_VAL, LS_DATE, LS_PRICE, ZONING, FY, OWNER1/OWN_ADDR",Owner-occupancy/residential exemption flag,Vintage depth differs by town; condo/multi-record parcels; ZONING raw local code,"Eligible denominator (DOR 101 SF), multi-vintage panel, last-sale prices",3,Y
MA,statewide,R3,Massachusetts Zoning Atlas (NZA/Suffolk Law),NZA / Suffolk University Law,https://www.zoningatlas.org/massachusetts,Web map; 2023 zip mirrored by Mercatus; mass.gov says spatial data 'not available for public download',NZA Terms of Use: no download/redistribution/commercial use without written permission; bulk data licensed via Land Use Labs. Not Apache-compatible as a dependency.,352 jurisdictions (complete July 2025),2023-2025,Irregular,"District polygons, SF/2F/3+ permissions, min lot",Open license; MBTA 3A overlay districts,License; 2023 Mercatus mirror terms unclear,SF-only district identification,2,Y
MA,statewide,R3,Zoning Practices and Data Availability (state note),EOHLC / mass.gov,https://www.mass.gov/info-details/zoning-practices-and-data-availability,Web page,Public,Statewide,Current,n/a,Confirms no statewide open zoning layer,Harmonized zoning,Fragmented municipal zoning GIS,Scoping only; use L3 ZONING field + MAPC zoning atlas (Metro Boston) as fallback,1,Y
MA,statewide,R4,Census Building Permits Survey (used by EOHLC),US Census / EOHLC,https://www.mass.gov/doc/how-eohlc-is-tracking-housing-production/download,Census BPS files; EOHLC method note,Public domain,351 munis (~71% consistent monthly response 2023-24),Annual/monthly,Monthly,Units by 1/2/3-4/5+,ADU flag; demolitions; COs,Imputation for non-responders,Town-year permit panel,2,Y
MA,statewide,R5,ADU Tracker / ADU Production Survey,EOHLC,https://mass.gov/ADUtracker,Dashboard with downloadable compiled municipal survey table,Public (no explicit license),323 municipalities responding; 246 with >=1 ADU,"Jan 2025-Jun 2026 (surveys Jul 2025, Jan 2026, Jul 2026)",Semiannual,"ADU applications, permits approved, detached vs attached by municipality",Record-level; completions; pre-2025 baseline,Survey self-report; <2 yrs post-reform,Early ADU uptake post-Affordable Homes Act; town-level ADU rates,2,Y
MA,Boston,R4;R6;R8,Approved Building Permits,City of Boston (Analyze Boston),https://data.boston.gov/dataset/approved-building-permits,CKAN datastore API + CSV,ODC PDDL,City of Boston,2009-present,Daily,"permitnumber, worktype, permittypedescr, description, comments, declared_valuation, total_fees, issued_date, expiration_date, status, occupancytype, sq_feet, address, property_id, parcel_id, lat/lon",Units created; ADU flag; CO/final date (CO is a separate permit type),Units must be parsed from description; worktype codes for new construction/raze,Record-level permits; realized fee per permit (total_fees) for R8,2,Y
MA,Cambridge,R4,Permits for New Building Construction,City of Cambridge (ViewPoint),https://data.cambridgema.gov/Inspectional-Services/Permits-for-New-Building-Construction/8n2m-6rff,Socrata API,ODC PDDL,City of Cambridge,Aug 2018-present,Weekly,"address, status, proposed_building_use, final_cost (others not enumerated)",Unit counts not confirmed; ADU flag,Only completed applications included; new construction only,Record-level new construction,2,Y
MA,Somerville,R4;R6,Applications for Permits and Licenses,City of Somerville,https://data.somervillema.gov/Government-Finance/Applications-for-Permits-and-Licenses/nneb-s3f7/about_data,Socrata API,ODbL (share-alike),City of Somerville,2014-present (~28.7k building permits),Daily,"Application Type/Subtype, Status, Application/Issue/Close Date, Address, Assessor's Parcel Number, Estimated Construction Cost, Project Description",Unit count column; ADU flag,Units only in free text; ODbL share-alike obligations on derived DB,Record-level permits with APN,2,Y
MA,statewide,R7,L3 last-sale fields + Registry of Deeds,MassGIS; MA Registries,https://www.mass.gov/info-details/massgis-data-property-tax-parcels,Parcel download; deeds search per document,Public records,Statewide,Last sale per parcel per vintage,Per vintage,"LS_DATE, LS_PRICE, LS_BOOK, LS_PAGE",Full transaction history in bulk (Warren Group is paywalled),Only most recent sale per vintage; arms-length not flagged,Sale price inputs; stack vintages to build sales series,2,Y
MA,statewide,R8,Local permit fee schedules,Municipalities,https://data.boston.gov/dataset/approved-building-permits,Per-town PDFs; Boston total_fees field,Public,Per town,Current,Irregular,Boston realized total_fees per permit,No state fee reporting; MA has limited impact fees,Scrape required,Check $50k baseline; Boston empirical fees,1,Y
MA,statewide,R9,MBTA Communities (c.40A s.3A) and Affordable Homes Act ADU (2025-02-02),MA Legislature / EOHLC,https://malegislature.gov/Laws/GeneralLaws/PartI/TitleVII/Chapter40A/Section3A,Statute; EOHLC compliance lists,Public,177 MBTA towns; ADU statewide,Deadlines 2023-12 to 2025-12; ADU Feb 2025,n/a,Compliance status/dates,2+ years post for ADU; MM-scale (2-6) reform,Neither reform has 2 years post-period by 2026 data,Backtest only via pre-2025 local ADU bylaws (varied),1,N
VT,statewide,R1,VT Data - Statewide Standardized Parcel Data (parcel polygons + Grand List),VCGI / VT Dept of Taxes,https://www.arcgis.com/sharing/rest/content/items/09cf47e1cf82465e99164762a04f3ce6?f=json,ArcGIS FeatureServer (maxRecordCount 2000) + geodata.vermont.gov downloads,No license stated; disclaimer 'planning purposes only',All towns (geometry currency varies by town),Current Grand List year (GLYEAR); modified 2025-07,Weekly geometry; Grand List annual (late spring),"SPAN, PARCID, PROPTYPE, GLYEAR, CAT, RESCODE, ACRESGL, REAL_FLV, HSTED_FLV, NRES_FLV, LAND_LV, IMPRV_LV, HSDECL (homestead=owner-occupancy proxy), DESCPROP, E911ADDR",Year built; building sq ft; number of units; zoning,CAT R1/R2 does not separate SF from 2-4 units; stacked polygons for multiple GL records,Denominator = CAT R1 parcels; homestead declaration as owner-occupancy,2,Y
VT,statewide,R2,Grand List data request (2016-2025),VT Dept of Taxes PVR,https://tax.vermont.gov/municipal-officials/data-request,Email request form; 7-14 business days,Public records,Statewide,2016-2025,Annual,"Grand List (owner of record Apr 1, CAT, values, acres)",Scriptable bulk download; geometry per year,Not scriptable; request-based,"Year-over-year Grand List panel (new parcels, value jumps as proxy for new units)",1,Y
VT,statewide,R1,Statewide CAMA (not collected),VT Dept of Taxes,https://legislature.vermont.gov/Documents/2024/WorkGroups/House%20Ways%20and%20Means/Reports%20and%20Resources/W~Department%20of%20Taxes~Progress%20Report%20Regarding%20Statewide%20Reappraisals%20and%20Property%20Data~12-15-2023.pdf,n/a,n/a,Local only (~75% towns on NEMRC MicroSolve),n/a,n/a,n/a,"Year built, sq ft, units statewide",State does not collect CAMA; standardization under study,Gap: need town CAMA pulls for building attributes,0,Y
VT,statewide,R3,Vermont Zoning Atlas,VERSO-UVM (NZA partner),https://github.com/VERSO-UVM/Vermont-Zoning-Atlas,GitHub repo: CSV regulations + district GeoJSONs,MIT (repo),All jurisdictions mapped,~2022-2023 (pre-Act 47 bylaws),Irregular,"NZA-schema district attributes: uses, min lot, height, process",Post-Act 47 bylaw updates,Reflects pre-HOME Act bylaws; statute overrides not encoded,SF-only district identification with open license,3,Y
VT,statewide,R3,VT Zoning GIS Data Standard + RPC zoning layers,VCGI / RPCs,https://vcgi.vermont.gov/document/vt-zoning-gis-data-standard,Per-town layers on geodata.vermont.gov,Varies,"Partial (e.g., Burlington, South Burlington)",Varies,Varies,Zoning district polygons,Statewide coverage,Not statewide,Fallback/validation,1,N
VT,statewide,R4,Census BPS (only standardized permit source),US Census,https://www.census.gov/construction/bps/,Download,Public domain,Places/towns (many small towns imputed; many VT towns have no building code/permits),Annual,Monthly/annual,Units by structure type,ADU; demolitions; state reporting,No state production reporting; VT towns without local permits,Town-year panel with heavy measurement error,1,N
VT,statewide,R6,VT E911 Site/Structure Address Points (SSAP),VCGI / VT E911 Board,https://vcgi.vermont.gov/data-release/new-e911-address-point-data-available-old-esites-layer-be-retired-september-8,"FeatureServer, geoparquet",No license stated,Statewide,Current (released 2026-07-08; old ESITES retired 2026-09-08),Weekly,"SITETYPE (114 values), CATEGORY, address, (SPAN in geoparquet variant)",Creation date/history; archived snapshots,No historical vintages; must snapshot going forward,Proxy for completions/new dwellings (diff snapshots),1,Y
VT,statewide,R7,Property Transfer Tax Returns (PTT-172/175) XML extract + spatial layer,VT Dept of Taxes / VCGI,https://taxpttrpublicblob.blob.core.usgovcloudapi.net/taxpttrpublic/_Documentation/PTTR%20XML%20Documentation%20November%202024.pdf,Weekly XML on public Azure blob; spatial layer 2019+,Public records (no explicit license),Statewide,Stats 2010-2026; record-level spatial 2019-present,Weekly,"SPAN, valuePaidOrTransferred, realPropValuePaidOrTrans, buyer/sellerUseOfProperty, buildingConstruction1-3, landSize, closingDate, principalResidence",Building sq ft,Use categories changed Aug 2024,Record-level sale prices joined by SPAN,3,Y
VT,Burlington,R4;R6,New Housing Units (net_new_open),City of Burlington,https://services1.arcgis.com/1bO0c7PxQdsGidPK/arcgis/rest/services/net_new_open/FeatureServer/0,ArcGIS FeatureServer,None stated,City of Burlington,1981-present (+ under construction),Irregular (mod. 2025-02),"year, address, change_in_residential_units, status, parcel_id, lat/lon",Structure type; ADU flag,Curated series; method undocumented,Net new units by parcel/year (backtest Act 47),3,Y
VT,Burlington,R4;R5;R6,OpenGov Zoning & Zoning CO Applications/Permits (+ Building & Trades),City of Burlington,https://services1.arcgis.com/1bO0c7PxQdsGidPK/arcgis/rest/services/OpenGov_Zoning/FeatureServer/0,ArcGIS FeatureServer,None stated,City of Burlington,"OpenGov era (~2019-present, to confirm)",Periodic (mod. 2025-01),"RecordType, ProjectName, Description, ApplicationDate, PermitNo, PermitStatus, PropertyRSN, StreetAddress, PrimaryLUC, ConstructionStartDate, DateCompleted, EstimatedConstructionCost",Unit counts; explicit ADU flag,ADUs identifiable only via RecordType/Description,ADU and zoning-CO timing,2,Y
VT,statewide,R8,Fees: local zoning fees; state DFS construction permit fees; Act 250,Towns; VT Div. of Fire Safety; NRB,https://legislature.vermont.gov/bill/status/2024/H.687,PDFs,Public,Per town,Current,Irregular,"Zoning permit fees, DFS plan review fees, Act 250 fees",No local impact fees data; no state reporting,Scrape,Check $50k baseline (VT fees likely far below),1,N
VT,statewide,R9,Act 47 HOME Act (eff. 2023-07-01) and Act 181 (eff. 2024-06-17); ADU by-right since 2017 amendments,VT Legislature,https://legislature.vermont.gov/statutes/section/24/117/04412,Statute,Public,Statewide,2023-,n/a,Duplex as-of-right; <=4 units where water+sewer; ADU (statute still says owner-occupied lot),Local adoption dates,Statute self-executing; outcome data thin,MM treatment: sewer/water vs not as dose; ~2.5 yrs post,2,Y
CA,statewide,R4;R5;R6,Housing Element APR Table A2 (Annual Building Activity),CA HCD,https://data.ca.gov/dataset/housing-element-annual-progress-report-apr-data-by-jurisdiction-and-year/resource/fe505d9b-8c36-42ba-ba30-08bc4f34e022,CKAN CSV (189 MiB); datastore API blocked by robots for fetcher,License not specified,All 539 cities/counties (self-reported),CY2018-present (updated 2026-09-11),Weekly,"Current/Prior APN, Street Address, Local Tracking ID, Unit Category (SFA, SFD, 2-4, 5+, ADU, MH), Tenure, entitlement/permit/CO dates and units by income, streamlining (SB 9, SB 35, AB 2011...), density bonus, infill, demolished/destroyed units",Structure sq ft; JADU split (check); fees,"Self-reported, no HCD verification; missing/late APRs; APN formatting",Record-level permits/COs/demolitions with ADU & SB 9 flags statewide: core outcome + backtest,3,Y
CA,statewide,R4;R3,"Housing Element APR Tables A, C, D, F, etc.",CA HCD,https://data.ca.gov/dataset/housing-element-annual-progress-report-apr-data-by-jurisdiction-and-year,CKAN CSV,License not specified,All jurisdictions,2018-present (metadata text says 2018-2022; resource updated 2026),Weekly,Table A: applications; Table C: sites/rezoning; Table D: program implementation,,Metadata stale,Pipeline (applications) and rezoning events,3,Y
CA,statewide,R3,California Statewide Zoning (North/South),Governor's Office of Land Use and Climate Innovation (ex-OPR),https://data.ca.gov/dataset/california-statewide-zoning-north,"ArcGIS REST, SHP, GeoJSON, GPKG, CSV","No license provided ('public, no restrictions' access level)",535 of 539 jurisdictions,Collected 2021-2022 (some 2023); published 2025-03-22,Irregular,Zone polygons with local zoning codes by jurisdiction (field list to enumerate),Standardized use/density; post-2023 rezonings,Georeferenced PDFs; merged/cleaned polygons; raw codes,Parcel->zone overlay; with NZA as reference for SF-only codes,2,Y
CA,statewide,R3,California Zoning Atlas (NZA),NZA / partners,https://www.zoningatlas.org/california,Web map; bulk via Land Use Labs,NZA Terms of Use: no download/redistribution/commercial use without written permission; bulk data licensed via Land Use Labs. Not Apache-compatible as a dependency.,539 of 540 jurisdictions,2023-2025,Irregular,SF/2F/3+ permitted status by district,Open bulk,License,Reference crosswalk only,2,Y
CA,Los Angeles County,R1;R2,LA County Assessor Parcel Data (rolls 2006-present),LA County Assessor,https://data.lacounty.gov/datasets/lacounty::assessor-parcel-data-rolls-2021-present/about,ArcGIS feature services per 5-yr block; CSV collection 2021-present,Informational-use disclaimer; no explicit license,LA County (88 cities + unincorporated),Rolls 2006-2025,Annual,"AIN, use code, units, year built, sq ft, bedrooms, land/improvement value, lot area (to enumerate)",Sale price,Large; field names to enumerate,Multi-vintage parcel panel for largest CA county,3,Y
CA,San Francisco,R1;R2,Assessor Historical Secured Property Tax Rolls,SF Assessor-Recorder,https://data.sf.gov/Housing-and-Buildings/Assessor-Historical-Secured-Property-Tax-Rolls/wv5m-vpq2/about_data,Socrata API,ODC PDDL,San Francisco,Roll years 2007-2024,Annual (~August),"Closed Roll Year, Parcel Number/Block/Lot, use code, units, stories, rooms, beds, baths, year built, sq ft, land/improvement values, zoning, exemptions, current sales date",Sale price,,Parcel panel and SF denominator,3,Y
CA,statewide,R1,County parcel layers (no statewide layer),58 counties,https://ucanr.edu/program/informatics-and-gis-program/finding-and-using-parcel-data-california,County portals; some view-only,Varies by county,County-by-county,Varies,Varies,Geometry + APN; attributes vary,Statewide standard,Some counties view-only or attribute data sold separately,Assemble top counties; model others via APR + ACS,1,Y
CA,Los Angeles,R4;R5;R6,LADBS Building Permits Issued from 2020 to Present (N),City of LA Dept of Building & Safety,https://data.lacity.org/City-Infrastructure-Service-Requests/Building-and-Safety-Building-Permits-Issued-from-2/pi9x-tg5x,Socrata API,Not stated in metadata (LA open data default terms),City of Los Angeles,2020-present,Daily,"PERMIT_NBR, APN, PIN_NBR, ZONE, PERMIT_TYPE/SUB_TYPE, USE_CODE, ISSUE_DATE, COFO_DATE, DU_CHANGED, ADU_CHANGED, JUNIOR_ADU, SQUARE_FOOTAGE, VALUATION, WORK_DESC",Pre-2020 in separate LADBS-Permits dataset,,Gold-standard record-level ADU/unit permits with CO dates,3,Y
CA,San Diego,R4;R5;R6,Development Services approvals (permits) set2 + legacy,City of San Diego DSD,https://data.sandiego.gov/datasets/development-permits-set2/,CSV bulk files by status/year,City open data terms (not stated on page),City of San Diego,set2: 2024-present (Accela); legacy set covers earlier years (to confirm),Daily,"Approval type, dates created/issued/closed (dwelling-unit/ADU fields to enumerate from dictionary)",Unit/ADU fields unconfirmed,"One row = one approval, not project; cross-series dedup needed",Record-level ADU counts (San Diego is top ADU city),2,Y
CA,San Jose,R4,Active / Expired / Under-Inspection Building Permits,City of San Jose,https://data.sanjoseca.gov/dataset/active-building-permits,CKAN CSV,CC0,City of San Jose,Snapshots only (active/expired/last 30 days),Daily,Not enumerated,Historical permit archive; units; ADU,No longitudinal history; ADU dashboard not downloadable,Use APR A2 instead for San Jose,1,Y
CA,San Francisco,R4;R5;R6,DBI Building Permits (i98e-djp9) + Housing Production 2005-present (xdht-4php),SF DBI / SF Planning,https://data.sf.gov/Housing-and-Buildings/Housing-Production-2005-present/xdht-4php,Socrata API,PDDL (permits); Public Domain (production),San Francisco,Permits: all filed; Production: 2005-present,Nightly / periodic,"Permits: Existing/Proposed Units, Block/Lot, Issued/Completed Date, Permit Type (demolition), ADU (deprecated 2/1/25). Production: Net Units, Net Units Completed, ADU/Legalization Units, First/Latest Completion Date, BlockLot",,ADU flag moved to primary_priority after Feb 2025,Net completions incl. ADUs and demolitions,3,Y
CA,statewide,R7,Sale prices and rents,County recorders/assessors; HUD; ACS,https://assessor.lacounty.gov/real-estate-toolkit/data-sales,"Per-county; sales data generally sold, not open",Varies; mostly paid,Statewide fragmented,n/a,n/a,SF roll has current sales date (no price); HUD FMR/ACS rents,Free bulk transaction prices,Brief's 'disclosure state = 3' overstated for scripted free access,Use ACS/HUD rents + assessed values; Zillow terms incompatible,1,N
CA,statewide,R8,"Local fee schedules & nexus studies (AB 1483, Gov Code 65940.1; AB 602)",Cities/counties/special districts,https://leginfo.legislature.ca.gov/faces/billTextClient.xhtml?bill_id=201920200AB1483,"Mandatory web posting (per jurisdiction), not a state database",Public,All jurisdictions (posting mandate),Current + 5 prior annual fee reports; nexus studies since 2018,Within 30 days of change,"Impact fee schedules, fee reports, nexus studies",Standardized statewide fee dataset; per-unit totals,Heterogeneous PDFs; special-district/utility fees separate,Estimate total fees for prototypes in top cities vs $50k baseline,2,Y
CA,statewide,R9,"ADU laws 2017/2020, SB 9 (2022), SB 13 ADU fee waiver (2020)",CA Legislature,https://leginfo.legislature.ca.gov/faces/billNavClient.xhtml?bill_id=201920200AB68,Statute,Public,Statewide,2017-,n/a,,,SB 9 uptake low; APR A2 flags SB 9 projects,"ADU (6-9 yrs post), SB 9 MM (4 yrs), ADU fee waiver (6 yrs) all backtestable in A2",3,Y
US,permit-issuing place / county / CBSA / state,R4,Census Building Permits Survey (BPS),U.S. Census Bureau,https://www.census.gov/construction/bps/,"Bulk text/xls files on www2.census.gov/econ/bps (place, county, state, CBSA; monthly 'c', YTD 'y', annual 'a'); Census API for some series",Public domain US Government work (17 USC 105); Census API ToS requires disclaimer 'uses the Census Bureau Data API but is not endorsed...' and an API key,"~19,900 permit-issuing places (Jan 2023 universe); covers nearly all new residential construction but not places without permit systems","Place-level annual text files 1980s-present (1995-2019 text, 2019+ xls); 2025 annual released 2026-05-14","Monthly (prelim 12th workday, revised 17th); annual final each May","Buildings, units and valuation for 1-unit, 2-unit, 3-4 unit, 5+ unit; 'reported only' vs 'estimates with imputation' columns",No ADU flag; no parcel/address; no completions/demolitions; no tenure; no conversions or units created inside existing structures,"~8,400 places in monthly sample, remaining ~11,500 report annually (~1% of activity); missing reports imputed from division/state factors (24 SF / 36 MF imputation cells since Jan 2025) so small-place counts can be modeled not reported - must use reported-only columns or flag imputed years; universe now updated each January (since 2023) so place entries/exits must be handled; detached and some attached ADUs are reported inside the 1-unit category (Marantz et al. 2023 Cityscape) so ADU and SF are confounded and conversion/JADU ADUs are omitted",Canonical outcome numerator for evidence prong (DiD/SC/pooled count) and backtests; 2/3-4 unit counts proxy missing-middle response; statewide = sum of places,3,Y
US,national / 4 census regions,R4;R6,New Residential Construction (NRC) + Survey of Construction length-of-time tables,U.S. Census Bureau (HUD co-funded),https://www.census.gov/construction/nrc/lengthoftime.html,XLSX/PDF downloads; NRC via Census API/time series,Public domain,National and region only (no state/place),Auth-to-start 1976-present; start-to-completion 1971-present,Monthly NRC; annual length-of-time tables,"Permits, authorized-not-started, starts, under construction, completions by 1/2-4/5+; average months authorization->start, start->completion; percent distributions by months",No sub-national completions; no demolitions; 2-4 units lumped,Sampling error; regional averages only; excludes manufactured homes,Permit->start->completion lag distributions to convert permits to completed units within the 5-year window; share of permits never started,2,Y
US,national / region,R7;R8,Survey of Construction: Characteristics of New Housing + microdata (PUF) + Construction Price Index,U.S. Census Bureau,https://www.census.gov/construction/chars/index.html,XLSX tables; annual SOC public-use microdata; price index tables,Public domain,National; many characteristics by region; price index national (quarterly) and region (annual),Characteristics annual; 2025 published 2026-07-01,"Annual (chars, PUF); quarterly/monthly price index","Sales price, contract price, square footage, beds/baths, units in building, lot size (SF), construction method",No state/place detail; no land cost split; no fees,Regional aggregates too coarse for local pro forma; sample survey,"National/regional default for sq ft, new-home price per sq ft and hard-cost trend when no local cost data (Tier 3 pro forma)",1,Y
US,state / county / place / tract / block group,R1;R7,"American Community Survey 5-year (tables B25024 units in structure, B25003 tenure, B25064/B25063 gross rent, B25077/B25075 value, B25034 year built, B25035)",U.S. Census Bureau,https://www.census.gov/programs-surveys/acs/news/data-releases.html,"Census API (key), data.census.gov, FTP summary files",Public domain; Census API ToS disclaimer + key,"All places, tracts, block groups nationwide",2020-2024 5-year released 2026-01-08; annual 5-year back to 2005-2009,Annual (December/January),"Housing units by units-in-structure, tenure, rent and value distributions, year built, vacancy",No parcel-level data; no lot size; no zoning; rent/value are self-reported; no new-construction rents,"Large MOEs for small places, tracts and BGs (often CV>30% for rent/value medians, 2-4 unit counts); overlapping 5-year windows cannot be differenced year to year; top-coding of value/rent; geography changes 2020",Tier 3 proxy for SF stock (1-unit detached counts) when no parcel layer; rents/values for pro forma; baseline 2-4/5+ share; covariates for synthetic control,2,Y
US,nation / state / county (housing units); place/MCD population only,R1;R6,Census Population Estimates Program - housing unit estimates (Vintage 2025),U.S. Census Bureau,https://www.census.gov/programs-surveys/popest/data/tables.html,CSV/XLSX tables; Census API,Public domain,All counties; NO sub-county housing unit estimates published (only sub-county population),"2020-2025 (V2025, housing units released May 2026)",Annual (county HU typically May),Annual July 1 housing units by county,Sub-county units; units by type; demolitions separately,"HU estimates are built from BPS permits, completion lags and ACS loss rates, so they are not independent of BPS (circular for validation)",County-level check on net units (permits minus losses); not usable as place-level outcome,1,Y
US,census block,R1,2020 Decennial Census DHC housing unit counts (H1),U.S. Census Bureau,https://www.census.gov/data/developers/data-sets/decennial-census.html,Census API; bulk summary files,Public domain,All blocks nationwide,2020 (and 2010 for change),Decennial,"Total housing units, occupied/vacant by block",No units-in-structure at block; no lot/parcel data,Housing unit totals are invariant (not DP-noised) but occupancy is noised,Base-year housing stock denominator for places without parcels; blocks allocate stock to jurisdictions,1,N
US,national (district-level where coded),R3,National Zoning Atlas (NZA) map and state atlases,National Zoning Atlas (Cornell/ Bronin); data licensing via Land Use Labs,https://www.zoningatlas.org/terms,"Public web map; bulk data via Land Use Labs (commercial licensing arm, pricing not published); some older state files mirrored at Mercatus/statezoningatlasdata S3 (MT, NH, VA regions, TN, HI, MA, DFW, LI, Denver)","Website content: attribution required, NO commercial use, no reproduction/derivatives/distribution without written permission (screenshots excepted); mirrored state files carry no explicit license","9,900+ jurisdictions; complete statewide atlases for CO, CT, ME, MD, MT, NH, UT, VA; regional (NW MI, Indianapolis, DFW, Denver, LI, Hampton Roads, Middle TN, etc.)",Snapshot by atlas (mostly 2022-2025); no time series,Irregular per atlas,"District polygons; 1-family, 2-family, 3-family, 4+ family treatment (by right / hearing / prohibited / overlay); ADU attached/detached; min lot size; height, setbacks, parking, FAR (100+ features, ~1/3 shown on map)",Pre/post reform vintages; most states incomplete; state preemption laws often not overlaid on districts,"Coding snapshot may predate recent reforms; license incompatible with public Apache-2.0 repo dependency (non-commercial, no redistribution) - bulk via paid licensor","Would be the ideal R3 source to define SF-only parcels; under Rules can only be used as a user-supplied optional input or for validation, not bundled",1,Y
US,municipality / MSA,R3,National Zoning and Land Use Database (NZLUD) / Zoning Restrictiveness Index,Eviction Lab (Mleczko & Desmond 2023),https://github.com/mtmleczko/nzlud,GitHub CSV/Rda,MIT license on repo,"~2,600 municipalities (mostly metro)",Codes scraped ~2019-2021; single cross-section,One-off,"NLP-derived min lot size, max density, parking, height keyword measures; restrictiveness index",No district polygons; no parcel mapping; no pre/post reform,NLP measures are text-based proxies; coverage skewed to large metros,"Open, redistributable covariate for jurisdiction restrictiveness (heterogeneity, matching donors); fallback to WRLURI",2,Y
US,parcel,R1;R2,Regrid nationwide parcels,Regrid (Loveland Technologies),https://regrid.com/terms/researchers-academics,Paid bulk/API; Data With Purpose program may give free standard-schema snapshot to qualifying nonprofits/academics,"Proprietary. General ToS forbids copying/redistribution/derivatives and AI training; researcher terms: non-commercial only, no bulk redistribution, no public display of assessment data, attribution to Loveland Technologies",~all US counties (~155M parcels),Current plus paid historical snapshots,Continuous,"Standardized parcel ID, geometry, land use (LBCS), lot area, building sq ft, year built, values",Consistent annual vintages on free tier,Attribute completeness varies by county,"NOT allowed as a dependency for public Apache-2.0 tool (no free access path for end users, redistribution banned); at most for internal validation",0,Y
US,building footprint,R1,FEMA / ORNL USA Structures,FEMA + Oak Ridge National Laboratory,https://www.nature.com/articles/s41597-024-03219-x,"Bulk GDB by state (FEMA Geoplatform, Figshare, ArcGIS Living Atlas)",CC BY 4.0 (per Scientific Data article),"125M+ structures, all states and territories",Imagery 2011-2021; processed through May 2024,Irregular,"Footprint, OCC_CLS/PRIM_OCC (HAZUS occupancy e.g. RES1 single-family), SQFEET, HEIGHT (where LiDAR), address, parcel join (where parcels available)","Lot boundaries/area, units, values, zoning",Occupancy class heuristic; imagery vintage varies; parcel attributes only where public parcels exist,Tier 3 open proxy for SF-detached building universe and building size when no statewide parcel layer; combine with ACS/Decennial for denominators,1,Y
US,ZIP / tract (address aggregates),R1;R6,HUD Aggregated USPS Administrative Data on Address Vacancies,HUD PD&R / USPS,https://www.huduser.gov/portal/datasets/usps.html,Login; restricted to registered governmental entities and nonprofits under sublicense,USPS sublicense; use limited to 'stated purpose'; not redistributable; individuals and for-profits ineligible,All US addresses aggregated (tract),2008-present quarterly,Quarterly,"Total residential/business addresses, vacant, no-stat",Units by structure type; parcels,USPS Move to Competitive program breaks longitudinal comparability,Not usable as a core dependency (restricted access); optional check on address growth,0,Y
US,ZIP <-> tract/county/CBSA,R10,HUD-USPS ZIP Code Crosswalk Files,HUD PD&R,https://www.huduser.gov/portal/datasets/usps_crosswalk.html,Web login or API with free registration token,Free with registration; federal data,All ZIPs except PO-box-only,2010Q1-present,Quarterly,Residential/business/other address ratios by ZIP-geography pair,Actual address counts,ZIPs cross jurisdiction lines,"Allocate ZIP-level market data (e.g., ZORI, FHFA ZIP5) to jurisdictions",2,Y
US,"~2,450 municipalities",R3;R9,Wharton Residential Land Use Regulatory Index 2018 (WRLURI),"Gyourko, Hartley & Krimmel (Wharton Zell/Lurie)",https://real-faculty.wharton.upenn.edu/gyourko/land-use-survey/,Stata file download (WHARTON LAND REGULATION DATA_1_15_2020),"No formal license; 'researchers are welcome to download for their own usage', cite GHK (NBER w26573 / JUE 2021). Redistribution terms unclear - download at runtime, do not vendor into repo","2,472 complete + ~350 partial jurisdictions, mostly suburban; survey response-based",2018 survey (also 2006 version),One-off,"Index and sub-indices (approval delay, density restrictions, open space, political pressure, etc.), jurisdiction names/place codes",Parcel/district detail; no post-2018 reforms,"Survey self-reported by planning officials; sample not universal; aging; published critique (Markley, Bronin & Harris 'It's time to retire the Wharton Index', SSRN)",Covariate for heterogeneity/donor matching; approval-delay priors for hazard,1,Y
US,ZIP / city / county / metro / state,R7,Zillow ZHVI / ZORI (Zillow Research data),Zillow Group,https://www.zillow.com/research/data/,Free CSV downloads (no API),Proprietary; ToU allows aggregate data for non-personal market analysis and derivative display only with 'Data Provided by Zillow Group' citation on every page; other redistribution requires written approval; automated collection prohibited,ZHVI broad (ZIP/city/county); ZORI thinner (larger metros/ZIPs),ZHVI 2000-present; ZORI 2015-present,Monthly,"Typical home value (by bedrooms, SFR/condo), smoothed rent index",Transaction microdata; new-construction premiums,Model-based (neural ZHVI 2023 revision); ZORI sparse outside metros; license unclear for automated fetching in a public tool,Optional pro forma price/rent input only if user downloads; prefer ACS/FHFA as core,1,Y
US,state / CBSA / county / ZIP3 / ZIP5 / tract,R7,FHFA House Price Index (incl. annual developmental county/ZIP/tract indexes),Federal Housing Finance Agency,https://www.fhfa.gov/data/hpi/datasets,Free CSV/XLSX downloads,"US Government work, public domain (no restrictive terms stated)","All states, CBSAs, counties, ZIP5, tracts (where enough repeat sales)",1975-present (sub-state annual series start later),Quarterly/monthly (state/metro); annual (county/ZIP/tract),"Repeat-sales index (purchase-only, all-transactions, expanded-data)",Price levels (index only); rents; new-construction prices,Annual sub-county indexes are 'developmental'; conforming-loan SF only; thin tracts suppressed,Core open price appreciation series; convert ACS value levels forward to current year for pro forma,2,Y
US,national / metro / county / city / ZIP,R7,Redfin Data Center downloads,Redfin,https://www.redfin.com/news/data-center/,Free TSV downloads,Redfin ToU: personal non-commercial use; no copying/redistribution/retransmission; no automated crawling; MLS data owned by MLSs,US markets (metro/city/ZIP depending on file),2012-present,Weekly/monthly,"Median sale price, $/sqft, inventory, DOM, sale-to-list",Rents; parcel-level,License restrictive and ambiguous for Data Center files; MLS-sourced,Do not use as dependency; optional manual cross-check only,0,Y
US,1999 MSA/NECMA,R9,Saiz (2010) housing supply elasticities and land unavailability,Albert Saiz / MIT Urban Economics Lab,https://urbaneconomics.mit.edu/research/data,Stata file via Google Drive link (33 KB),No license stated (academic replication file); cite Saiz 2010 QJE. Unclear license - fetch at runtime or use published point values from paper,~95 metros (1999 definitions),1970-2000 estimation,Static,"MSA supply elasticity, share of undevelopable land, WRLURI 2006",Sub-metro variation; post-2000,Old metro definitions require crosswalk; elasticities reflect 1970-2000,Prior range for price response / supply elasticity bounds,1,Y
US,census tract,R9,Baum-Snow & Han (2024 JPE) 'Microgeography of Housing Supply' replication package,Harvard Dataverse (doi:10.7910/DVN/LFGAAW),https://dataverse.harvard.edu/dataset.xhtml?persistentId=doi:10.7910/DVN/LFGAAW,Dataverse download (could not open page this pass - robots/fetch blocked),Unverified: Dataverse default is CC0 but JPE packages may carry custom terms or exclude proprietary inputs; confirm before use,Tract-level for US metros,2000-2010s estimation,Static,Tract supply elasticities (units and floorspace) on intensive/extensive margins,Post-2020; non-metro,Some inputs may be proprietary (withheld); need confirmation of which outputs are published,Tract-level elasticity priors to scale the parcel-funnel hazard (Tier 3),1,N
US,national,R8,"BLS PPI: Inputs to residential construction, goods (WPUIP2311001) and SF/MF input series",Bureau of Labor Statistics (via BLS API / FRED),https://fred.stlouisfed.org/series/WPUIP2311001,BLS public API (v2 key optional) or FRED API,Public domain (BLS: everything published is public domain; citation requested),National only,Jun 1986-Aug 2026 (monthly),Monthly,Price index of goods inputs to residential construction (Jun 1986=100); separate SF and MF input series,Labor costs; local/regional variation; land,Goods only (excludes labor and services); national,Deflate/inflate hard-cost assumptions to current year; national cost trend in pro forma,1,Y
US,proprietary city cost index,R8,RSMeans City Cost Index,Gordian (RSMeans),https://www.rsmeans.com/,Paid subscription,Proprietary; not redistributable,~970 US/Canadian cities,Annual,Annual,Location factors for construction costs,n/a,Paywalled,Not allowed as dependency; user can supply own location factor,0,N
US,jurisdictions that charge impact fees (sample),R8,Duncan Associates National Impact Fee Survey 2019,Duncan Associates (Clancy Mullen),https://www.impactfees.com/publications%20pdf/2019survey.pdf,Free PDF,"Copyrighted report; no data license - cite values, do not vendor","270 jurisdictions (non-random, FL/CA/West heavy)","2019 (also 2012, 2015)",Irregular (last 2019),"Average impact fee per SF unit by category (roads, water, sewer, drainage, parks, schools...); total avg SF $13,627",Planning/building permit fees; MF by jurisdiction in machine-readable form,Only jurisdictions that charge fees; non-random; dated,Sanity check that the Handbook $50k/unit baseline is a high all-in fee estimate relative to impact-fee-only averages,1,Y
US,national survey,R8,NAHB Government Regulation in the Price of a New Home (2026),National Association of Home Builders,https://www.nahb.org/-/media/NAHB/news-and-economics/docs/housing-economics-plus/special-studies/2026/special-study-government-regulation-in-the-price-of-a-home-june-2026-updated.pdf,Free PDF,Copyrighted report; cite,National (337 builder / 54 developer responses),"2026 (prior 2011, 2016, 2021)",~5 years,"Regulatory cost $131,734 per $499,500 home; fees at permit ~4.0% (~$20,154)",Local variation; MF,"Industry-association survey, small n, advocacy source",Cross-check of fee share in price for the 50% fee-cut scenario,1,Y
US,parcel/permit (commercial),R4;R5;R6,Shovels.ai permit data,Shovels,https://www.shovels.ai/terms,Paid API; limited free features,"Proprietary: no redistribution, publication, sublicensing or derivative datasets/models without written authorization",Claimed national (varies by county),Varies,Continuous,Permit records with classified types (incl. ADU tags),n/a,Coverage/classification opaque,Not allowed as dependency,0,Y
US,20 states (policy list),R9,Terner Center database of state pro-housing policies (2023),"Terner Center, UC Berkeley",https://ced.berkeley.edu/news/terner-center-develops-first-ever-national-database-of-pro-housing-policies,PDF report,Copyrighted report; no data license stated,144 policies in 20 states,2023,One-off,State incentive programs for local housing production,Local reform dates; fees,"Policy list only, not outcomes; Terner fee datasets are CA-only",Seed list for reform inventory (R9) only,1,Y
US,CA jurisdictions only,R4;R5;R6,California Housing Element Annual Progress Report (APR) - not national,CA HCD,https://www.hcd.ca.gov/,Open data portal,CA open data,California only,2018-present,Annual,"Permit-level ADU flags, APN, completions",n/a,Unvalidated APNs (per Marantz et al.),Out of national scope; external calibration source for ADU/BPS ratio (share of ADUs inside BPS 1-unit),n/a,N
NC,statewide,R1,"North Carolina Parcels (Polygons/Centroids), NC1Map_Parcels",NC OneMap / NCCGIA (county-sourced),https://services.nconemap.gov/secure/rest/services/NC1Map_Parcels/MapServer/0,"ArcGIS REST (2,000/query) + statewide FGDB download",Public; NC OneMap disclaimer (no warranty); no explicit open license,100 counties + EBCI (~5.7M parcels),Current snapshot only; per-county source dates vary (Transform Dates service),As-needed per county (rolling),"parno, nparno, parusecode/parusedesc (+cd2), parval/landval/improvval, parvaltype, gisacres/recareano, struct, multistruc, structno, structyear, saledate, siteadd/scity, cntyfips, sourcedate, reviseyear","building sq ft, dwelling units count, bedrooms, sale price, standardized statewide land-use code (parusecode is county-native), homestead flag",parusecode not harmonized across counties; structyear/struct completeness varies by county; value dates differ by county revaluation cycle,Eligible-parcel denominator (SF use code x lot area x structyear); needs county-specific use-code crosswalk,2,Y
NC,statewide,R1,NC1Map_Parcels_Transform_Dates,NC OneMap,https://services.nconemap.gov/secure/rest/services/NC1Map_Parcels_Transform_Dates/FeatureServer,ArcGIS REST,Public,100 counties,Current,Per county refresh,"county, latest transform date",n/a,Metadata only,Track currency of each county's parcel snapshot; use to schedule scripted snapshot capture,1,Y
NC,county (NCSU archive),R2,NCSU Libraries county parcel archives,NCSU Libraries GIS,https://www.lib.ncsu.edu/gis/counties/codata.php?co=37119,"FTP; NCSU Unity ID on campus, proxy off campus",Library holdings; redistribution terms unclear,"County by county (e.g., Mecklenburg 1997-2014)","Irregular vintages, mostly pre-2015",None (archive),county-native schemas,post-2014 vintages; standardized fields,"Irregular years, not standardized, not freely scriptable",Only historical backfill; not usable for public pipeline,1,Y
NC,Wake County,R2;R7,Wake County Real Estate Property Data Files + qualified sales,Wake County Tax Administration,https://www.wake.gov/departments-government/tax-administration/data-files-statistics-and-reports/real-estate-property-data-files,Bulk xlsx/mdb/txt download,Public records; no license stated,"Wake County (Raleigh, Cary, etc.)",Current (daily) + pre-reval Dec 2023 file + SF residential reports 2023-2026 + 24-month qualified sales,Daily,"record layout per county doc (values, land class, heated area, year built, sale data)",multi-year full-roll archive not posted,Field list not verified in this pass (record layout PDF),"Pro-forma sale prices (Raleigh), lot/structure attributes; start own annual snapshots",2,Y
NC,statewide,R3,National Zoning Atlas - North Carolina,National Zoning Atlas / Land Use Labs,https://www.zoningatlas.org/north-carolina,Interactive map free; data via Land Use Labs licensing,"Proprietary: no commercial use, no scraping, redistribution needs written permission (zoningatlas.org/terms)",All 650 NC jurisdictions (complete),Point-in-time (2023-2026 review),Periodic professional review,"district polygons, uses allowed by right/hearing for 1/2/3/4+ units, min lot size, ADU allowance",bulk open download,Not compatible with public Apache-2.0 repo without a license; not in Mercatus open downloads,Would be ideal for SF-only identification; treat as reference/validation only unless licensed,1,Y
NC,"cities (Charlotte, Raleigh, Durham)",R3,"Municipal zoning district layers (Charlotte UDO zoning, Raleigh zoning, Durham zoning)",City/County GIS open data portals,https://data-ral.opendata.arcgis.com/,ArcGIS Hub / REST,Varies; mostly public open-data terms,City limits (+ETJ),Current only,As amended,zoning district codes,standardized use/density rules; historical district maps,Need hand-coded district rules; pre-reform maps require archive retrieval,Classify SF-only (pre-reform) vs reform-eligible parcels in 3 test cities,2,N
NC,Raleigh,R4;R5;R6,Building Permits (all issued) + ADU Building Permits,City of Raleigh Open Data,https://services.arcgis.com/v400IkDOw1ad7Yad/arcgis/rest/services/Building_Permits/FeatureServer/0,ArcGIS REST query + Hub CSV/GeoJSON,City open data (no license text in service; Hub terms),City of Raleigh (+ jurisdiction field),2000-2026 (~5.4-5.9k permits/yr 2022-2025),Daily/weekly (last edit Sep 2026),"permitnum, issueddate, permitclassmapped, workclass, housingunitstotal, housingunitsexist, censuslandusecode, adu_type, missing_middle, pin, cntyacctnum, coissueddate, cocissueddate, constcompletedofficial, voiddate, numberstories, totalsqft",demolished units count (via workclass only),"housingunitstotal nearly empty from 2024 (527 units 2024, 360 in 2025 vs 10-17k/yr before) and anomalous 2013 (95k); missing_middle flag populated for only ~2.9k records (119 Yes)",Best NC permit panel: MM/ADU flags for Raleigh MM (2021) and ADU (2020) DiD; must derive units from censuslandusecode post-2024,3,Y
NC,Durham,R4;R6,All Building Permits,City-County of Durham Inspections,https://webgis2.durhamnc.gov/server/rest/services/PublicServices/Inspections/MapServer/12,ArcGIS MapServer (no outStatistics) + Hub table,Custom (Durham privacy notice / terms of service),Durham city + county,Not verified; ~93k records; Hub item last modified Nov 2024,Unclear (possibly stale since 2024),"PermitNum, ISSUE_DATE, CO_SIGNOFF_DATE, DWELLING_UNITS, BLD_Type, Occupancy, BLDB_ACTIVITY, SQFT_FLOOR, SQFT_LAND, PARCEL_ID/PIN, NO_PARKING, DESCRIPTION","ADU flag, explicit demolition units",Freshness uncertain (last modified 2024-11); ~60% null PROJECT_NAME,Durham EHC (2019) event study; CO dates for completions,2,Y
NC,Mecklenburg (Charlotte + 6 towns),R4;R6,Building Permits,Mecklenburg County GIS,https://maps.mecknc.gov/opendata/metadata/BuildingPermits.html,Open data download (points),"County disclaimer, no license","Charlotte, uninc. Mecklenburg, Cornelius, Davidson, Huntersville, Matthews, Mint Hill, Pineville",Not stated (~468k records),Weekly,"permitnum, issuedate, compldate, parcelnum, zonecode, typeofbldg, usdcdesc, occupancy, worktype, heatsqft, totalsqft, bldgcost","dwelling units per permit, ADU flag",No unit count: units must be inferred from usdcdesc/typeofbldg (Census codes) or parcel changes,Charlotte UDO (June 2023) evaluation; zonecode enables N1 identification,2,Y
NC,Greensboro,R4,Engineering & Inspections permits (current-year ArcGIS experience),City of Greensboro,https://experience.arcgis.com/experience/6bc99e6e123a48c59bdaa767be35cdf1,Map viewer / MapServer only; no Hub dataset found,Not stated,City of Greensboro,Current year only,Unknown,"permit type, status, address, dates (per third-party scraper schema)","units, history, parcel ID confirmation",No documented open dataset,Greensboro ADU 2024 would rely on BPS + public records request,1,N
NC,all places,R4,Census Building Permits Survey (place-level),US Census Bureau,https://www.census.gov/construction/bps/,Bulk text files,Public domain,All permit-issuing places,"1980s-2025 annual, monthly",Monthly/annual,"units by 1/2/3-4/5+ structures, buildings, valuation","ADU, completions, demolitions, parcel",Imputation for non-reporters; ADUs miscounted,Universal outcome for DiD/synthetic control across NC places,2,N
NC,statewide,R8,S.L. 2026-59 Sec. 49 development fee disclosure (LGC statewide fee report),NC Local Government Commission (via cities/counties),https://canons.sog.unc.edu/blog/2026/09/08/new-disclosure-requirements-for-development-related-fees-including-chapter-160d-fees-local-act-impact-fees-and-system-development-fees/,Local websites now; LGC statewide report pending,Public,"All cities and counties (160D fees, SDFs, local-act impact fees)",Effective 2026-08-11; annual report format/due date awaiting LGC guidance,Annual (report); schedules updated within 30 days of change,"fee schedules by project category, methodologies, collections",first statewide report not yet published,Timing unknown; historical fees not covered,"Once LGC publishes, statewide per-jurisdiction fee baseline vs $50k Handbook assumption",2,Y
NC,Raleigh; Charlotte,R8,Raleigh Development Fee Guide FY27; Charlotte Water FY26 rates & fees,City of Raleigh; Charlotte Water,https://cityofraleigh0drupal.blob.core.usgovcloudapi.net/drupal-prod/COR15/DevelopmentFeeGuide.pdf,PDF,Public,Raleigh; Charlotte Water service area,FY26-FY27 (prior years archived as PDFs),Annual (July 1),"Raleigh: thoroughfare fee $1,833/unit (SF<1,000sf), parks Zone 1 $1,916/unit, sewer capacity $2,223 (5/8in), water capital $1,447 (5/8in), permit 0.38% of value; Charlotte: water SDF $1,398 + sewer SDF $5,389 (5/8in)",machine-readable tables; per-ADU/duplex totals,"PDF parsing; fee depends on sqft, meter, zone",Fee cost-shock calibration: NC local fees appear well below $50k/unit baseline,2,Y
NC,statewide,R7,"Sale prices (register of deeds excise stamps; county CAMA sales files); rents (ACS, HUD FMR/SAFMR)",County tax offices; Census; HUD,https://www.huduser.gov/portal/datasets/fmr.html,County-by-county bulk files; ACS API,Public records; federal public domain,Statewide via 100 counties,Varies,Varies,"sale price & date (county), median contract rent (ACS)","statewide harmonized sale-price file (OneMap has saledate only, no price)",Assembly county-by-county,Pro forma prices/rents for feasibility step,2,N
OH,statewide,R1,Ohio Statewide Parcels Public View (OhioStatewidePacels_full_view),Ohio OGRIP / DAS,https://services2.arcgis.com/MlJ0G8iWUyC7jAmu/arcgis/rest/services/OhioStatewidePacels_full_view/FeatureServer/0,"ArcGIS FeatureServer (2,000/query), Hub download",'As is' State of Ohio disclaimer; OGRIP states public downloads have no use restrictions,Statewide (county participation count not verified; service timed out on county query),Current (last edit 2026),Periodic county exports (CurrentTo field),"County, LocalParcelID, StateParcelID, StateLUC (DTE land-use code), LandArea, LandArea_PY, SitusAddressAll, CurrentTo, CAMADataSite","land/improvement value, year built, sq ft, units, sale price, homestead",Attributes minimal; CAMA link per county needed for anything beyond use code and lot area,Denominator: StateLUC 510/520-series x LandArea; join county CAMA for structure attrs,2,Y
OH,statewide,R2,Statewide_Parcels_2022 (maps.ohio.gov),Ohio OGRIP,https://maps.ohio.gov/arcgis/rest/services/Statewide_Parcels_2022/MapServer/0,Token required (HTTP 499),Unclear; not publicly accessible,Statewide (6.3M parcels per Hub record),2022,One-off,"PIN, COUNTY, STATEWIDE_PIN, ASSR_ACRES, OWNER1","use code, values",Access gated; only geometry/owner/acreage,Possible 2022 baseline vintage if access granted,1,Y
OH,Franklin County (Columbus),R1;R2;R6;R7,"Franklin County Auditor FTP: GIS shapefiles + Outside User CSVs (parcel, dwelling, building, land, permit, sales, transfers, value)",Franklin County Auditor,https://auditor.franklincountyohio.gov/Auditor/FTP,Web/FTP bulk download,Public records; no license stated,Franklin County,Shapefiles archived to 2002; CSVs archived monthly since 2014,Nightly (GIS) / monthly (CSV),"parcel, dwelling (year built, sqft), land, value, permit, sales, transfers",standard statewide schema,County-specific schema; documentation PDFs,"Best Ohio parcel history panel (Columbus ADU 2025, Zone In 2024); sales for pro forma",3,Y
OH,Cuyahoga County (Cleveland),R1;R7,Cuyahoga County Open Data / Fiscal GIS Hub parcels,Cuyahoga County,https://data-cuyahoga.opendata.arcgis.com/,ArcGIS Hub,County open data terms,Cuyahoga County,Current,Periodic,"parcel, land use, values (per hub)",history not confirmed,Not opened this pass,Cleveland denominator and sales,2,N
OH,statewide,R3,National Zoning Atlas - Ohio,National Zoning Atlas / Land Use Labs,https://www.zoningatlas.org/ohio,Map free; data via Land Use Labs licence,"Proprietary, no commercial use/scraping","Page states all 2,232 jurisdictions analyzed (incl. townships)",2025-2026,Periodic,"district uses/units by right, lot size",open bulk data,Same licensing blocker as NC,Reference/validation only,1,Y
OH,Columbus,R3,Base Zoning Districts,City of Columbus,https://maps2.columbus.gov/arcgis/rest/services/Schemas/BuildingZoning/MapServer/4,ArcGIS REST + Hub,CC0-1.0,Columbus city limits,Current (mod. 2026-04),As amended,zoning district polygons,pre-Zone In historical map,,SF-only identification in Columbus,2,Y
OH,Columbus,R4;R6,Building Permits,City of Columbus Building & Zoning Services,https://services1.arcgis.com/9yy6msODkIBzkUXU/arcgis/rest/services/Building_Permits/FeatureServer/0,ArcGIS REST + Hub CSV,CC0-1.0,City of Columbus,2010-present,Nightly (mod. 2026-09-20),"B1_ALT_ID, B1_PER_TYPE/SUB_TYPE/CATEGORY, B1_PARCEL_NBR, SITE_ADDRESS, ISSUED_DT, ISSUED_YEAR, UNITS, SQFT, CONST_TYPE_CODE, PERMIT_STATUS, LAST_STATUS_DT (includes demolitions)","explicit CO/final date, ADU flag",ADU must be parsed from sub-type/description; LAST_STATUS_DT is a proxy for finals,Columbus ADU (Nov 2025) and Zone In (2024) monitoring; too early for 2-yr post,3,Y
OH,Cincinnati,R4;R6,Cincinnati Building Permits (uhjb-xac9) + Combo permits w/ plan review (thvx-5mem),City of Cincinnati,https://data.cincinnati-oh.gov/Thriving-Healthy-Neighborhoods/Cincinnati-Building-Permits/uhjb-xac9/data,Socrata SODA API / CSV,Public Domain,City of Cincinnati,Applied since 2010 (127k rows); combo since 2014,Regular (updated Sep 2026),"PERMITNUM, ISSUEDDATE, COMPLETEDDATE, COISSUEDDATE, UNITS, PERMITCLASS, WORKCLASS, PROPOSEDUSE, PIN, TOTALSQFT, NEIGHBORHOOD, LAT/LON; combo: DWELLING_UNITS, SUB_TYPE_DESC",ADU flag,ADUs via PROPOSEDUSE/description text,Cincinnati Connected Communities (June 2024; ~2.3 yrs post) DiD; CO dates for completions,3,Y
OH,Cleveland,R4;R6,Issued Building Permits; Demolition Permits; Building Permit Applications,City of Cleveland Building & Housing,https://services3.arcgis.com/dty2kHktVXHrqO8i/arcgis/rest/services/Building_Permits/FeatureServer/0,ArcGIS REST + Hub,ODbL-1.0 (share-alike on derived databases),City of Cleveland,2015-present,Weekly (Sundays); demolitions separate layer,"PERMIT_ID, PERMIT_TYPE/SUBTYPE/CATEGORY, USE_GROUP_1, ISSUE_DATE, PARCEL_NUMBER, SIZE_OF_BUILDING, JOB_VALUE, TOTAL_FEES_PAID, DW_Form_Based_Code_Area, DW_Tract2020","dwelling units per permit, CO/final date","No unit count; ODbL share-alike must be handled (keep data out of repo, fetch at runtime)",Form-based-code pilot flag enables in/out comparison; TOTAL_FEES_PAID useful for R8,2,Y
OH,statewide,R4,Census BPS place-level; OHFA Housing Needs Assessment,US Census; OHFA,https://ohiohome.org/research/housingneeds.aspx,Bulk files; PDF/xlsx,Public domain / public,All places incl. townships,BPS annual,Annual,units by structure size,"ADU, completions; no state production mandate",OH townships issue few permits (county/state building depts),Universal outcome,2,N
OH,Columbus,R8,Water service connection / system capacity charges (eff. 2026-04-01),City of Columbus Dept. of Public Utilities,https://www.columbus.gov/files/sharedassets/city/v/3/utilities/contractors/water-service-connection-charges.pdf,PDF,Public,Columbus water service area,Effective 2026-04-01,Annual/as amended,"water system capacity charge $335 (5/8in), $397 (3/4in)","sewer capacity charge (Ch. 1147), parkland fees; no state fee reporting",No statewide fee enabling statute or reporting; fees scattered in codified ordinances,Fee cost shock: Ohio local fees likely far below $50k baseline,1,Y
OH,statewide,R7,County auditor transfers/conveyance data (sale price) + ACS/HUD rents,88 county auditors; Census; HUD,https://auditor.franklincountyohio.gov/Auditor/FTP,County-specific bulk or search portals,Public records,County by county,Varies,Varies,"sale price (conveyance fee basis), date, parcel",statewide harmonized sales file,88 different systems,Pro forma prices,2,N
TX,statewide,R1;R2,"StratMap Land Parcels (annual collections 2019, 2022, 2024, 2025, most recent)",TxGIO (TWDB) from 253 appraisal districts,https://feature.geographic.texas.gov/arcgis/rest/services/Parcels/stratmap22_land_parcels_48/MapServer/0,"DataHub downloads (shp/gdb by county) + REST (some vintages token-gated, e.g., 2024)",No explicit license on FAQ; free,Most counties; FAQ: not all counties available,Annual collections since 2019 (YYYYMM per county),"Annual attempt, varies by county","prop_id, geo_id, land_value, imp_value, mkt_value, legal_area, gis_area, stat_land_use (PTAD state code A1 etc.), loc_land_use, year_built, tax_year, date_acq, situs_*","building sq ft, units, bedrooms, sale price, homestead flag",No state mandate; attributes/codes differ by county; year_built sparsely populated; token on some REST vintages,Denominator (stat_land_use A = SF) and repeated cross-sections for splits/new builds,2,Y
TX,Harris County (Houston),R1;R2;R6,"HCAD PDATA (real_acct, building_res, land, etc.)",Harris Central Appraisal District,https://hcad.org/hcad-online-services/pdata/,Bulk tab-delimited zip,Public information; no license stated; no support,Harris County,Current certified/preliminary + prior year GIS,Annual (certified) + updates,"account, building improvements (year built, sqft, units per codebook), land, values",sale price (non-disclosure),Historical years require own archiving or third-party archives (Kinder/Rice),Houston lot-size reform backtest (townhome lot splits),2,Y
TX,Travis County (Austin),R1;R2,TCAD certified appraisal roll exports,Travis Central Appraisal District,https://traviscad.org/publicinformation,Zip / JSON export,Public information,Travis County,2022-2026 certified exports posted (2020 in TDL Dataverse),Annual (July),"full appraisal roll incl. improvements, land, values",sale price,Legacy fixed-width format,Austin HOME before/after parcel panel,3,Y
TX,statewide,R3,National Zoning Atlas - Texas; Mercatus DFW 2024 dataset,NZA / Land Use Labs; Mercatus,https://www.zoningatlas.org/texas,Map free; DFW 2024 files downloadable via Mercatus; rest licensed,Proprietary NZA terms; Mercatus file license not stated,"NZA page: all 1,478 jurisdictions being analyzed; DFW region released",2024-2026,Periodic,"district rules for 1-4+ units, lot size",open statewide data; Houston has no zoning (deed restrictions not mapped),License blocker; completeness claims inconsistent,DFW SF-only identification if Mercatus terms allow,1,Y
TX,Austin,R4;R5;R6,Issued Construction Permits (3syk-w9eu),City of Austin Development Services,https://data.austintexas.gov/Building-and-Development/Issued-Construction-Permits/3syk-w9eu,Socrata SODA API / CSV,Public Domain (US Gov Works),City of Austin,1970-2026 (1.62M residential-class records),Daily (updated Sep 2026),"Permit Num, Permit Class (IBC R-101 SF, R-102 secondary apartment, R-103 two-family...), Work Class (New/Demolition), Issued Date, Completed Date, Housing Units, Number Of Floors, Total New Add SQFT, TCAD ID, Status Current",explicit ADU boolean (use R-102 class),R-102 and 'addition' coding of ADUs needs validation,Austin HOME (Dec 2023/May 2024) DiD with ~2.3-2.8 yrs post; completions & demolitions,3,Y
TX,Austin,R4,New Residential Units: Summary by Calendar Year and Type (2y79-8diw),City of Austin,https://data.austintexas.gov/Building-and-Development/New-Residential-Units-Summary-by-Calendar-Year-and/2y79-8diw,Socrata,Public Domain,City of Austin,Annual,Daily (derived),units by SF/duplex/3-4/5+,ADU separate category,Summary view of 3syk-w9eu,Quick validation of record-level counts,2,Y
TX,San Antonio,R4;R6,Building Permits - PERMITS ISSUED (2020-present) and 2020-2024,"City of San Antonio DSD (Open Data SA, CKAN)",https://data.sanantonio.gov/dataset/building-permits,CSV + CKAN DataStore API (API page robots-blocked for us),Creative Commons Attribution,City of San Antonio,2020-present,Updated 2026-09-27 (frequent),"permit type, permit #, address, dates submitted/issued, valuation, area (per data dictionary, not opened)","units per permit (not confirmed), ADU flag, CO dates, pre-2020 history",Field list not verified; history starts 2020,"SA ADU UDC (2023) evaluation, pending unit field check",2,Y
TX,Houston,R4,Residential Building Permits by Month and Year,City of Houston (Houston Permitting Center),https://data.houstontx.gov/dataset/residential-building-permits,XLS,Open Data Commons Attribution,City of Houston,Monthly summary series,Monthly (mod. 2026-05),monthly SF and MF permit counts,"record-level permits, parcel, units, completions, ADU",Aggregate only; record-level requires TPIA request or Sold Permits search/scrape,Houston reform backtests must use HCAD parcel changes + BPS,1,Y
TX,Houston,R4,Plat Activity Reports (bi-weekly xlsx) + Plat & Permit Activity Archives,Houston Planning & Development,https://houstontx.gov/planning/DevelopRegs/dev_reports.html,xlsx downloads,Public,City + ETJ,Archives by year,Bi-weekly,"plat application, location, applicant",lots created per plat (not record-level),Plat-level not lot-level,Proxy for small-lot subdivision (1998/2013 reform),1,Y
TX,Dallas,R4;R6,Building Permits (e7gq-4sah) and Certificates of Occupancy (9qet-qt9e),City of Dallas,https://www.dallasopendata.com/Services/Building-Permits/e7gq-4sah,Socrata,Permits: none stated; CO: ODC-PDDL,City of Dallas,Permits ~2018-2020 only (no longer updated; moved to Accela); CO updated to Nov 2022,Discontinued,"Permit Number, Permit Type, Issued Date, Land Use, Value, Area, Address; CO: CO#, Land Use, Occupancy, Sq Ft, Date Issued","units, parcel ID, current data",No current open record-level permits,Dallas analysis limited to BPS + DCAD parcels,0,Y
TX,statewide,R4,Census BPS place-level; TDHCA/TAMU Real Estate Center metro stats,US Census; TAMU,https://www.census.gov/construction/bps/,Bulk,Public domain,All places,Annual/monthly,Monthly,units by structure size,"ADU, completions; no state production reporting",,Universal outcome,2,N
TX,statewide,R7,Sale prices: non-disclosure (Tax Code 22.27 confidentiality of owner-supplied sales info); rents ACS/HUD; land values from CAD rolls,Comptroller PTAD; appraisal districts; Census; HUD,https://codes.findlaw.com/tx/tax-code/tax-sect-22-27/,n/a for prices; CAD bulk for values,Sales confidential; MLS proprietary,Statewide,n/a,n/a,"CAD market/land values, ACS rents",transaction prices,MLS/Zillow terms not Apache-compatible,Use CAD market value as price proxy + ACS/HUD rents,1,N
TX,Austin,R8,Austin Water impact fees (Ch. 395) + 2023 Impact Fee Report,Austin Water,https://www.austintexas.gov/water/rates-and-fees,Web + PDF,Public,Austin Water service area,Schedule eff. 2023-10-01; 5-yr LUA/CIP update cycle,5-yearly (Ch. 395),"water $4,800 + wastewater $2,900 = $7,700 per service unit (lots platted after 2023-10-01)","street impact fee, building permit fees in same table",Fee varies by plat date,Ch. 395 CIP reports give auditable per-LUE fees for fee shock,2,Y
TX,San Antonio,R8,SAWS water & sewer impact fees (meter size chart),San Antonio Water System,https://apps.saws.org/business_center/Developer/ImpactFees/,PDF (robots-blocked for our fetcher),Public,SAWS service area,Charts 2016-2019 found; current not opened,Periodic,impact fee by meter size/EDU,current values,Not opened,Fee shock for SA,1,N
UT,statewide,R1,"Utah Parcels LIR (Land Information Records), per county",UGRC / county assessors,https://gis.utah.gov/products/sgid/cadastre/parcels/,ArcGIS Open Data per county; FeatureServer REST (maxRecordCount 2000); SGID SQL; statewide vector tiles,"'No constraints or warranties'; attribution 'State of Utah, SGID' (open)",All 29 counties (LIR + basic parcels),"Current tax roll (e.g., Salt Lake LIR last edit 2026-03-27)",LIR annual (year-end tax roll); basic parcels monthly for Big 5 counties,"PARCEL_ID, SERIAL_NUM, PROP_CLASS, PRIMARY_RES, HOUSE_CNT, PARCEL_ACRES, BLDG_SQFT, FLOORS_CNT, BUILT_YR, EFFBUILT_YR, TOTAL_MKT_VALUE, LAND_MKT_VALUE, TAX_DISTRICT, PARCEL_CITY","zoning; ADU flag; PROP_CLASS codes are county-specific (SL: R, C, I, RE, A, MH)",PROP_CLASS not standardized across counties; HOUSE_CNT completeness varies by county; condos/OUGs,"Eligible SF parcel denominator (PROP_CLASS residential + HOUSE_CNT=1), lot size, land share, age for redevelopment hazard",3,Y
UT,statewide,R2,LIR parcel archive (prior-year LIR snapshots),UGRC,https://gis.utah.gov/products/sgid/cadastre/parcels/,Google Drive archive link from UGRC parcels page,Same as SGID (open),29 counties,Prior years (number of vintages not enumerated this pass),Annual,Same LIR schema per year,Stable-ID crosswalk across years not documented,Archive depth and schema drift unverified,"Before/after parcel changes (HOUSE_CNT increments, splits)",2,Y
UT,Wasatch Front + Washington Co.,R2/R6,Housing Unit Inventory (HUI),WFRC / MAG / UGRC,https://gis.utah.gov/products/sgid/planning/housing-unit-inventory,ArcGIS Open Data + FeatureServer,SGID terms (no explicit license seen on page),"Salt Lake, Davis, Weber, Utah, Tooele, Morgan, Box Elder, Washington counties","Vintages: Jan-2020 (May 2022 load), Jan-2022 (Apr 2024), Dec-2024 (Jan 2026)",Irregular (~every 2 years),"TYPE, SUBTYPE (single family, duplex, townhouse, condo, apartment, mobile home, mixed use), UNIT_COUNT, DUA, ACRES, TOT_BD_FT2, APX_BLT_YR, BLT_DECADE, TOT_VALUE, CITY, IS_OUG",ADUs outside Salt Lake County excluded; no demolition flag,Unit counts derived from address points; approx build year,Parcel-level unit stock by structure type; net unit change between vintages ~ completions minus demolitions; MM typology calibration,3,Y
UT,statewide,R3,National Zoning Atlas - Utah,Land Use Atlas Inc. / NZA,https://www.zoningatlas.org/utah,Interactive map + Zoning Snapshots only; bulk data via Land Use Labs licensing,Terms of Use: no download/redistribution/derivatives without written permission; commercial use prohibited,"All 284 jurisdictions (complete, Jan 2026)",Single snapshot (2025-26),Unknown,District-level use/density/lot rules (up to ~200 datapoints/district),Not open; no parcel join,License incompatible with public Apache-2.0 repo unless permission obtained,SF-only parcel identification; reform change mapping,1,Y
UT,municipal,R3/R5,Moderate Income Housing annual reports (SB 34 / HB 462),Utah DWS Housing & Community Development,https://jobs.utah.gov/housing/affordable/moderate/reporting/index.html,"Compiled annual PDF (e.g., 24reports.pdf); per-city PDFs",Public records,~95 required cities/counties (2024 cycle),2019-present (progress reports; ADU metrics in current format since ~2022-23),Annual (due Aug 1),"Per jurisdiction: total known ADUs, ADU building permits (internal vs detached), ADU business/rental licenses, entitled-but-unpermitted units, zoning maps/shapefile links, strategies",Structured table/CSV not published; no statewide totals,PDF form responses need parsing; self-reported,ADU permit counts by city-year for evidence prong (HB 82 2021); zoning shapefile links for R3,2,Y
UT,statewide,R4,Ivory-Boyer Construction Database,Kem C. Gardner Policy Institute / Ivory-Boyer Real Estate Center,https://gardner.utah.edu/public-policy/housing-construction-real-estate/ivory-boyer-construction-database/,Tableau interactive; 'download raw data' and crosstab export,Terms not stated; ask permitdata@utah.edu,201 cities + 29 counties,1994 (claims ~40 yrs monthly) to present,Monthly,27 categories incl. 9 dwelling-unit categories (units and value by city-month),ADU category not confirmed; no record-level/parcel,License for redistribution unclear; Tableau-scraped downloads,Place-month permitted units back to 1994 as richer BPS substitute for DiD/synth controls,2,Y
UT,statewide,R4,Census Building Permits Survey place-level,US Census Bureau,https://www.census.gov/construction/bps/,Bulk text files,Public domain,All permit-issuing places,1980s-present,Monthly/annual,"Units by structure type (1, 2, 3-4, 5+) by place",ADU flag; parcel,Imputation for non-reporters,Canonical outcome denominator-backed counts,2,N
UT,statewide,R4,Building Permits Issued in Utah (Utah Interactive data request),Utah.gov / Utah Interactive,https://secure.utah.gov/datarequest/buildingpermits/index.html,"Paid search: $5 min + $1.05/record; full list subscription $4,000",Paid; commercial,All municipalities/counties,Rolling,Daily/weekly,"Owner, contractor, property address, permit no., municipality, est. cost","Units, structure type, ADU flag",Paywall; lagged 2-4 weeks; incomplete,Not usable (paywall violates R10),0,Y
UT,Salt Lake City,R4/R5/R6,"Salt Lake City Building Permits (opendata.utah.gov 3eji-gn2j, nbv6-7v56)",Salt Lake City / Utah Open Data (Socrata),https://opendata.utah.gov/Permit-and-Licensing/Salt-Lake-City-Building-Permits/3eji-gn2j,Socrata dataset pages and API endpoints returned 400/404 this pass; city portal data.slc.gov only links webDME permit-history lookup,Unknown,Salt Lake City,Unknown (possibly retired),Unknown,Unknown,Unknown,Dataset appears retired or moved; Accela ACA lookup only,Would support SLC ADU/MM evidence; need GRAMA request or Accela scrape,1,Y
UT,Provo,R4,Provo building permits,Provo City,https://www.provo.gov/1331/Transparency-Portal,No open permit dataset found; open data portal exists but no permits listed,n/a,Provo,n/a,n/a,n/a,All record-level fields,No record-level permits,Fall back to BPS/Ivory-Boyer + MIH ADU counts,0,Y
UT,statewide,R7,Sale prices (non-disclosure state),n/a,https://gis.utah.gov/products/sgid/cadastre/parcels/,Sale prices not public record; only assessor market values in LIR,n/a,Statewide,n/a,n/a,"TOTAL_MKT_VALUE, LAND_MKT_VALUE (assessor)",Transaction prices,"Must use assessed values, ACS, HUD FMR/SAFMR for rents",Pro forma relies on assessor values + rents from ACS/HUD,1,N
UT,statewide,R8,Impact fee annual reports to State Auditor (Utah Code 11-36a-601),Office of the Utah State Auditor,https://auditor.utah.gov/wp-content/uploads/2024/01/2023-02-Impact-Fee-Reporting-1.29.24.pdf,Submitted via Local Government Resource Center; not compiled as dataset,Public records,All impact-fee-collecting entities,FY ending after 2023-12-15 in new format,Annual,"Impact fee revenues by development project, budgeted/spent projects, fund balances",Per-unit fee schedules; permit/plan-review fees,"Revenue accounting, not per-unit schedule; must pair with local IFFP/IFA PDFs",Rough fee revenue per permitted unit by city to check $50k baseline,1,Y
UT,statewide,R9,Utah reforms by theme (HB 82 2021 internal ADUs; SB 34 2019/HB 462 2022; SLC ADU 2023; SB 284 2026),Utah Legislature,https://le.utah.gov/~2021/bills/hbillenr/HB0082.pdf,Public,Statewide/SLC,2019-2026,n/a,ADU: HB 82 in force 5+ yrs; SLC ADU amendment 3+ yrs. MM: none in force (HB 37 2025 voluntary; SLC pending; HB 184 failed). Fees: no reduction reform,MM and fee post-periods,HB 82 was internal-only with owner-occupancy/parking allowed,ADU backtest only,2,N,
WI,statewide,R1,Wisconsin Statewide Parcel Map (V11 schema),Wisconsin DOA / State Cartographer's Office,https://www.sco.wisc.edu/parcels/data/,Statewide GDB and county SHP/GDB downloads; statewide FeatureServer,Free of charge; no warranty; feedback requested (no explicit open license),"All 72 counties, ~3.56M parcels",V11 = 2024 tax roll,Annual,"STATEID, PARCELID, TAXPARCELID, TAXROLLYEAR, SITEADRESS, PLACENAME, PROPCLASS (1 Residential..7), AUXCLASS, ASSDACRES, DEEDACRES, GISACRES, CNTASSDVALUE, LNDVALUE, IMPVALUE, ESTFMKVALUE, NETPRPTA, LAT/LON","Year built, building sq ft, number of units, zoning, SF vs MF distinction (PROPCLASS 1 includes multi-unit residential)","Cannot isolate single-family parcels statewide; need local assessor CAMA (e.g., Milwaukee MPROP) or building footprints","Eligible-parcel denominator only approximate (class 1 residential, lot acres); values for land share",2,Y
WI,statewide,R2,Wisconsin Statewide Parcel Map V1-V12 annual vintages,Wisconsin DOA / SCO,https://www.sco.wisc.edu/parcels/data/,Statewide GDB per version,Free of charge; no warranty,Statewide,V1 2015 - V12 2026 (12 annual vintages),Annual,Same core schema across versions; STATEID stable key,Units/year built not in any vintage,Schema drift across early versions; ID changes on splits,"Parcel splits, class changes, value jumps before/after reform (proxy for new construction via IMPVALUE)",3,Y
WI,Milwaukee,R1/R2,Master Property File (MPROP),City of Milwaukee Assessor,https://data.milwaukee.gov/dataset/mprop,CSV/JSON/XML via CKAN portal,Creative Commons Attribution (open),City of Milwaukee (~160k properties),Current; history of prior annual files not confirmed,Daily,"90+ elements (land use, units, year built, building area, lot area, zoning, values) per documentation",Exempt/manufacturing properties poorly maintained,Field list not enumerated this pass,Full-attribute parcel funnel for Milwaukee; model for synthetic local denominators,3,Y
WI,statewide,R3,National Zoning Atlas - Wisconsin,NZA,https://1kfriends.org/national-zoning-atlas-seeks-to-add-wisconsin-they-need-your-help/,Not available,NZA terms restrictive (see UT),None completed (recruitment as of 2024),n/a,n/a,n/a,Everything,"~1,850 municipalities incl. 1,245 towns; many towns under county zoning","Would need city-by-city zoning GIS (Madison, Milwaukee, Green Bay publish)",0,Y
WI,municipal (cities/villages >=10k),R4,"Housing Affordability Reports (Wis. Stat. 66.10013, 2017 Act 243)",Each municipality,https://foxcrossingwi.gov/wp-content/uploads/2026/01/Housing-Affordabilty-Report-2025-Final.pdf,PDF on each municipality's website; no central repository,Public records,~70 cities/villages >=10k pop,2018/19-present,Annual (by Jan 31),"Number of plats, CSMs, condo plats and building permits approved; new dwelling units proposed/approved by type (SF, two-family, MF, mobile home); vacant residential land list","ADU counts (e.g., Fox Crossing none); completions; parcel IDs",Formats vary; must scrape ~70 PDFs/yr,City-year units approved by type; covers villages BPS may miss,2,Y
WI,municipal (cities/villages >=10k),R8,"New Housing Fee Reports (Wis. Stat. 66.10014, 2017 Act 243)",Each municipality,https://www.beloitwi.gov/vertical/sites/%7B662E25CC-A6A0-4B38-B151-A18A081D6A0A%7D/uploads/2025_New_Housing_Fee_Report.pdf,PDF on dedicated municipal web page titled 'New Housing Fee Report'; not centralized,Public records; fee cannot be charged if not posted,~70 cities/villages >=10k pop,2020-present,Annual (Jan 1),"Statutory checklist: building permit, impact, park, land dedication/fee-in-lieu, plat approval, stormwater, water/sewer hookup fees; total residential fees collected prior year; total / new units approved = fee per unit (e.g., Beloit 2025: $84,385 / 26 units = $1,018; $3,246 incl. alterations)",Special-district and utility fees outside the municipality; school fees n/a,Per-unit calc inconsistent (some include remodel fees); PDFs vary,Direct check of $50k Handbook baseline by city-year (WI actuals look far below $50k),2,Y
WI,Milwaukee,R4/R6,Residential and Commercial Permit Work Data,City of Milwaukee DNS,https://data.milwaukee.gov/dataset/buildingpermits,CSV/JSON/XML via CKAN; monthly,Creative Commons Attribution,City of Milwaukee,Portal since 2018 (record start year not confirmed),Monthly (last update 2026-09-30),"Per portal: date, construction cost, location, units, use of building, permit type, tax key, address, issue date, final/occupancy, demolition info",Explicit ADU flag unconfirmed (ADUs legal in RS only since 2025-07),Column names not enumerated (preview unavailable),Record-level permits with tax key join to MPROP; completions and demolitions for net units,3,Y
WI,Madison,R4/R5,Madison permit reports (cityreports.cityofmadison.com) + Housing Snapshot,City of Madison DSC / DPCED,https://www.cityofmadison.com/development-services-center/resources/permit-reports,Report generator + address search; no open-data permit layer found,Public records,City of Madison,Unknown,Ad hoc,"Construction permits, new-building permits, >$500k permits",Bulk API; units/ADU fields unverified,Housing Snapshot data page returned 503,ADU evidence (2021 legalization) needs report scrape or records request,1,Y
WI,Green Bay,R4,Green Bay open data (building project records),City of Green Bay,https://www.greenbaywi.gov/169/Open-Data,Query by parcel ID/address; parcel map,"City states open, free, no restrictions",City of Green Bay,Unknown,Unknown,"Building project records, assessment records, parcels",Bulk permit download; units,Lookup-style access only,Weak; MM reform (2026-01) too recent anyway,1,Y
WI,statewide,R7,Real Estate Transfer Return (RETR) data,Wisconsin DOR,https://www.revenue.wi.gov/SLFReportsHistSales/RETRmlist.pdf,Historic data download moved into My Tax Account (cookie-gated) - bulk access unverified,Public (disclosure state),Statewide,Unknown years,Monthly,"Total real estate value (price), municipal parcel number, property type, municipality, recorded/conveyed dates, acreage, transfer/exemption codes",Building attributes,Access path changed 2025-26 with Enhanced RETR,Transaction prices and land values for pro forma,2,Y
WI,statewide,R9,WI reforms by theme (Madison ADU 2021/2024/2025; Milwaukee ADU 2025; Madison MM 2025; Green Bay MM 2026; Act 243 2018),Municipal councils / Legislature,https://docs.legis.wisconsin.gov/2017/related/acts/243,Public,Cities,2018-2026,n/a,"ADU: Madison only (2021, owner-occupancy removed 2024). MM: none with 2 yrs (Madison 2025-02, Green Bay 2026-01). Fees: Act 243 is transparency/deferral, not a reduction",MM and fee post-periods,,Madison ADU backtest only,1,N,
CO,statewide,R1,Colorado Public Parcels composite,Colorado OIT GIS,https://gis.colorado.gov/public/rest/services/Address_and_Parcel/Colorado_Public_Parcels/MapServer/0,"MapServer query (JSON/GeoJSON/PBF, 2000 records/page); hub says separate download link",No warranty disclaimer; no explicit license,Statewide extent; contributing counties not listed (some opt out),Metadata published 2023-08-16; collected annually,Annual data call,"parcel_id, account, situsAdd, sitAddCty, landSqft, landAcres, zoningCode, zoningDesc, landUseCde, landUseDsc, saleDate, salePrice, apprValTot, asedValTot, countyFips, dateReceived","Year built, building sq ft, number of units, land vs improvement value split; codes non-standard by county",County gaps; land-use and zoning codes are county/municipal vocabularies,Denominator via landUseDsc (SF residential) + lot size; zoningCode useful for SF-only,2,Y
CO,statewide,R2,parcels2023 (GOV/PropertyTaxParels),Colorado OIT / Governor's Office,https://gis.colorado.gov/public/rest/services/GOV/PropertyTaxParels/MapServer/0,MapServer query,No explicit license,Statewide composite,2023 geometry with 2022-2025 actual/assessed value fields,One-off,Same as public parcels + multi-year actual/assessed values,Annual geometry vintages,Only one geometry vintage,Value change panel 2022-2025; not a split/construction panel,1,Y
CO,statewide,R3,National Zoning Atlas - Colorado,NZA,https://www.zoningatlas.org/colorado,"Interactive map, Zoning Snapshots, 2025 report; bulk via licensing",Terms prohibit download/redistribution/commercial use without permission,"All 334 jurisdictions; ~4,100 districts",2025,Unknown,Up to 200 datapoints per district,Open license,License blocker for Apache-2.0 repo,SF-only share and districts; requires permission,2,Y
CO,statewide,R4/R6,SDO Housing Unit Estimates and municipal timeseries,Colorado State Demography Office (DOLA),https://demography.dola.colorado.gov/assets/html/housing_spreadsheets.html,Spreadsheets download,State public data (terms not stated),"State, counties, municipalities",2010-current,Annual,"Total housing units, households by municipality","Structure type, permits vs completions detail not confirmed","Estimates, not records",Net unit change by municipality-year (completions minus demolitions proxy),2,Y
CO,statewide,R4,SB24-174 Housing Needs Assessments / Action Plans,DOLA Division of Local Government,https://dlg.colorado.gov/housing-plans,PDFs per jurisdiction; approved-list spreadsheet,Public,"Munis/counties >1,000 pop",HNAs due 2026-12-31; HAPs 2028-01-01; statewide HNA report 2027-11-30,6-year cycle; HAP progress report 3 yrs after adoption,"Needs estimates, SDO data bundles",Annual production reporting (not required),Not a production series,Context only; not an outcome series,1,Y
CO,Denver,R4/R6,Residential Construction Permits (ODC_DEV_RESIDENTIALCONSTPERMIT_P) + Demolition permits layer,City and County of Denver CPD / Technology Services,https://services1.arcgis.com/zdB7qR0BtYrg0Xpl/arcgis/rest/services/ODC_DEV_RESIDENTIALCONSTPERMIT_P/FeatureServer/316,ArcGIS FeatureServer (2000/page) + hub download,Denver Open Data (attribution; confirm CC BY 3.0 on catalog),City and County of Denver (~79k records),Permits issued since 2015-06-07,Daily (last edit 2026-08-13),"PERMIT_NUM, DATE_ISSUED, DATE_RECEIVED, CLASS, UNITS, VALUATION, PERMIT_FEE, FINAL_DATE, CO_REQUIRED, DATE_CO_ISSUED, SCHEDNUM (parcel), ADDRESS, NEIGHBORHOOD, STAT_CODE_1-3",Explicit ADU flag (check CLASS/STAT_CODE values),Some permits unlocated,"Record-level units, parcel join, issue-to-CO lags; Denver ADU 2024-12 reform",3,Y
CO,Boulder,R4/R5/R6,City of Boulder Construction Permits,City of Boulder,https://services.arcgis.com/ePKBjXrBZ2vEEgWd/arcgis/rest/services/Construction_Permits/FeatureServer/0,ArcGIS FeatureServer + hub download,CC0 1.0,City of Boulder,1987-present,Regular (last edit 2026-08-22),"PermitNum, PermitType, PermitWorkType, Description, AppliedDate, IssuedDate, CompletedDate, StatusCurrent, COBPIN/BOCOPIN/BOCOTAX (parcel), NewHousingUnits, ExistingHousingUnits, AffordableHousingUnits, RemovedHousingUnits, AddedSqFt, RemovedResSqFt",Dedicated ADU flag (use PermitWorkType/Description text),ADU detection by text,"Best-in-class: net units (new minus removed), completions, parcel join, long pre-period for Boulder 2018 ADU changes",3,Y
CO,Colorado Springs / El Paso Co.,R4,PPRBD permit reports,Pikes Peak Regional Building Department,https://www.pprbd.org/Information/Reports,"Tab-delimited/fixed-width text, HTML; many reports require subscription account; public permit map",Subscription/terms unclear,"Colorado Springs, El Paso and Teller counties, Woodland Park etc.",All permits 1990-2025; government reports 2000+,Daily/weekly/monthly,"Project codes for SF, townhouse, duplex, condo, MF; permit counts, value","ADU flag, CO/final, clear license",Subscription gating; no API,Regional permits by type; license check needed,1,Y
CO,statewide,R7,Assessor sale price in parcels (disclosure state),County assessors via OIT composite,https://gis.colorado.gov/public/rest/services/Address_and_Parcel/Colorado_Public_Parcels/MapServer/0,Parcel layer fields,As parcels,Contributing counties,Last sale only,Annual,"saleDate, salePrice, apprValTot",Full transaction history; qualified-sale flag,Last sale only; county gaps,Price levels for pro forma; county assessor sales files for history,2,Y
CO,16 cities,R8,The Cost of Homebuilding in Colorado Cities (2026),Common Sense Institute,https://commonsenseinstituteus.org/research/the-cost-of-homebuilding-in-colorado-cities-how-the-regulatory-environment-impacts-the-price-of-new-homes/,Web report with table,Copyrighted report (cite values; do not redistribute tables wholesale),"16 cities incl. Denver, Boulder, Colorado Springs, Aurora, Fort Collins",2026 (published 2026-09-23),Periodic,"Taxes/fees for a prototype 2,000 sf SFD on 7,000 sf lot: total $24,295 (Colorado Springs) to $101,616 (Boulder), avg $51,732; water/sewer taps itemized",Multifamily/ADU fees; time series,Single prototype; advocacy org,Checks $50k baseline (CO average ~ $52k); city fee heterogeneity,2,Y
CO,statewide,R9,CO reforms by theme (HB24-1152 ADUs; Denver citywide ADU 2024-12; Colorado Springs 2020; HB25-1211 tap fees),Colorado General Assembly / cities,https://coloradosprings.gov/planning-and-development/article/news/city-council-approves-ordinances,Public,Statewide/cities,2020-2026,n/a,ADU: HB24-1152 compliance 2025-06-30 (<2 yrs); Denver citywide 2024-12 (<2 yrs); Colorado Springs 2020 only attached ADUs in SF zones with Planning Commission approval + owner occupancy (weak). MM: none. Fees: HB25-1211 <2 yrs,2+yr post-periods,,Little in-state backtest; Boulder ADU history needs checking,1,Y,
WA,statewide,R1,Current Parcels (Parcels_2026),WaTech / WA Geoportal (county assessors),https://services.arcgis.com/jsIt88o09Q0r1j8h/arcgis/rest/services/Current_Parcels/FeatureServer/0,ArcGIS FeatureServer query + Hub download,Custom: informational only; item notes 'some counties restrict use of parcels for State of Washington business only',Counties with digital parcels (near-statewide; confirm per-county list),2026 vintage,Annual (item modified Apr 2026),"PARCEL_ID_NR (FIPS-prefixed), ORIG_PARCEL_ID, SITUS_ADDRESS, SITUS_CITY_NM, LANDUSE_CD (DOR 2-digit code, domain), ORIG_LANDUSE_CD; geometry area; VALUE_LAND/VALUE_BLDG/FILE_DATE/DATA_LINK per DNR mirror and item description","Year built, building sq ft, unit count, owner-occupancy/homestead flag, lot area attribute (derive from geometry)",Public open-data version shows fewer fields than internal (ownership stripped); value fields not confirmed in public FeatureServer schema (fetch truncated); per-county restrictions,Eligible-parcel denominator via DOR code 11 (single-unit) + geometry lot area; improvement/land value ratio for feasibility,2,Y
WA,statewide,R2,Previous Parcels (2025 vintage),WaTech / WA Geoportal,https://services.arcgis.com/jsIt88o09Q0r1j8h/arcgis/rest/services/Previous_Parcels/FeatureServer,ArcGIS FeatureServer,Same as Current Parcels (state-business-only caveat for some counties),Near-statewide,2025 only (prior year),Annual roll-over,Same normalized schema as Current Parcels,Older vintages not published openly (UW WAGIS holds 2010-2012-era statewide parcel vintages),Only 2 vintages => cannot see pre/post-2023 lot changes statewide; must archive going forward,Year-over-year change in DOR code/values; start own archive now,1,Y
WA,statewide,R1,County Tax Parcels (DNR mirror of statewide parcels),WA DNR (from WaTech),https://gis.dnr.wa.gov/site2/rest/services/Public_Forest_Practices/WADNR_PUBLIC_OCIO_Parcels/MapServer/0,ArcGIS MapServer query,DNR as-is disclaimer,Near-statewide,Current,Unknown (tracks WaTech),"Adds VALUE_LAND, VALUE_BLDG, DATA_LINK, FILE_DATE to the normalized schema","Year built, sq ft, units",Mirror; check FILE_DATE per county for staleness,Confirms value fields exist in the normalized schema; backup source,2,Y
WA,statewide,R3,Washington State Zoning Atlas (WAZA) - Zones,"WA Dept of Commerce (with UW, WWU)",https://services6.arcgis.com/tboeqGwETr5ppr5Q/arcgis/rest/services/WAZA_Prototype_Layers/FeatureServer/0,ArcGIS FeatureServer + Hub download,Custom (not stated as open license; confirm),"320 jurisdictions (all cities, towns, counties)",Codes collected Apr 2024-Jun 2025 (mix of pre/post HB 1110 compliance),One-off so far (no stated refresh),"ZoneID, ZoneName, WAZAZoneGeneral/Specific, UseResidential, DenMaxPrimaryUnitsPerLot, DenBonusMaxPrimaryUnitsPerLot, DenNumAdusAllowed, DenAduOccupancyRequirement, DenMinLotSizeSqFt, DenMaxDensity, DimMaxHeight/Stories, DimMaxFar, lot coverage, MinParkingResSUR/MH, WAZASpatialNormalizationDate",Effective-date history of zone changes; overlays for HB 1110 transit-proximity bonuses,Snapshot straddles local HB 1110/1337 adoption; 'some local codes already changed',Identify SF-only lots (DenMaxPrimaryUnitsPerLot=1) and ADU allowances; baseline for reform delta,3,Y
WA,statewide,R3,National Zoning Atlas - Washington,National Zoning Atlas (Cornell),https://www.zoningatlas.org/washington,Web map; data by request,NZA terms (confirm redistribution),320 jurisdictions planned; Seattle metro first,In progress,Irregular,NZA standard district fields,Completion status per jurisdiction,Superseded in practice by WAZA,Cross-check only,1,Y
WA,statewide,R4,"OFM April 1 Housing Units by State, County and City 1990-present",WA OFM (data.wa.gov),https://data.wa.gov/demographics/WAOFM-April-1-Housing-Units-by-State-County-and-Ci/hpz7-md2y,Socrata API/CSV,Public Domain,"All counties, cities, towns",1990-2026 (HU_1990..HU_2026),Annual (April 1),"JURISDICTION, COUNTY, FILTER, HU_<year> total housing units","Structure-type split (on OFM xlsx, not this API table - confirm), ADUs, completions/demolitions separately",Estimates built from city Form A reports of completions net of demolitions,State-standardized net unit change by jurisdiction; validates BPS permits->net units,3,Y
WA,statewide,R4/R5/R6,OFM Form A Housing Unit and Population Estimate Report (city submissions),WA OFM,https://ofm.wa.gov/wp-content/uploads/sites/default/files/public/dataresearch/pop/april1/ofm_april1_formA_faq.pdf,Public records request (city-level submissions not posted),Public records,All cities/towns,Annual,Annual,"Completed units by structure type, ADUs, demolitions/conversions, annexations (per FAQ)",Not published as open data,Would need PRR to OFM; city reporting quality varies,Best statewide ADU+demolition source if obtainable; request 2015-2025,1,Y
WA,Seattle,R4/R5/R6,Building Permits (76t5-zqzr),City of Seattle SDCI,https://data.seattle.gov/Built-Environment/Building-Permits/76t5-zqzr,Socrata SODA API/CSV,Public Domain,City of Seattle,Multi-decade (start year not stated; confirm min issueddate),Daily,"permitnum, permitclass, permittypemapped, permittypedesc, housingunits, housingunitsadded, housingunitsremoved, dwellingunittype, housingcategory (SF rebuild, pre-approved DADU, middle MF, large MF), issueddate, completeddate, statuscurrent, zoning, originaladdress1, lat/long, estprojectcost, parentpermitnum, development_site",Parcel PIN (address+lat/long only),housingcategory likely only populated for recent years,"Record-level permits->completions, ADU/DADU flag via dwellingunittype, demolitions via housingunitsremoved; backtest Seattle 2019 ADU reform",3,Y
WA,Seattle,R5,OPCD ADU Annual Reports,City of Seattle OPCD,https://www.seattle.gov/documents/Departments/OPCD/OngoingInitiatives/EncouragingBackyardCottages/OPCD-ADU-Report-2023.pdf,PDF,Public,Seattle,2019-2023 reports,Annual,AADU/DADU permits and completions by year,Machine-readable tables,PDF only,Validation of ADU counts from permit data,2,N
WA,Tacoma,R4/R5,Accela Permit Data (Tacoma),City of Tacoma,https://services3.arcgis.com/SCwJH1pD8WSn5T5y/arcgis/rest/services/accela_permit_data/FeatureServer,ArcGIS FeatureServer,Custom: City of Tacoma Open Data disclaimer,City of Tacoma,Accela era (confirm start; CivicData 'Master Data 5 Year Report' alt),Daily,"permit_number, permit_group/type/subtype/category, current_status, application_date, issued_date, parcel_number, address, housing_units, valuation, fees_paid, description","Final/CO date, explicit ADU flag (parse subtype/description), demolished units",Status-update-driven feed; confirm history depth,Record-level permits with parcel link; fees_paid gives actual fee burden per permit,2,Y
WA,Spokane,R4,Permit Activity Map,City of Spokane,https://my.spokanecity.org/opendata/gis/permits/,Web map (no confirmed bulk endpoint),Unstated,City of Spokane,Rolling ~3 years,Nightly,"Application type, status, dates, address (map)","Units per permit, ADU flag, bulk download, history >3 yrs",No open dataset found; Accela ACA search only,BPS + PRR needed,1,Y
WA,Vancouver,R4,Building Permits by Category by Month and Year,City of Vancouver WA,https://services.arcgis.com/oNvpY90qsPDizwkN/arcgis/rest/services/Building_Permits_by_Category_by_Month_and_Year/FeatureServer,ArcGIS FeatureServer,"Custom GIS terms: personal use only, no redistribution (incompatible)",City of Vancouver,"2022-present, monthly aggregates",Monthly (last mod Dec 2024),"SF units, MF units, duplexes, mobile homes by month","Record-level, parcel, ADU, finals",License blocks redistribution; aggregate only,Use Census BPS instead,1,Y
WA,statewide,R7,"County assessor sales files (e.g., King County Assessor data download)",County assessors,https://info.kingcounty.gov/assessor/DataDownload/default.aspx,Bulk ZIP per county,Public records; RCW 42.56.070(9) bars commercial use of lists of individuals,County-by-county (King strong; others vary),Multi-decade in King,Weekly/Monthly (King),"Sale price, date, parcel, residential building (yr built, sqft) in King extracts",No statewide normalized sales file (REET affidavits held by counties/DOR),County-by-county harmonization,Pro-forma sale prices and hedonic land values in large counties,2,Y
WA,statewide,R8,Impact Fees in Washington State for 2024 (BIAW),BIAW Housing Studies,https://housingstudies.biaw.com/reports/impact-fees-in-washington-state-for-2024,PDF + Excel,Copyright: no redistribution without consent (incompatible for bundling),GMA jurisdictions imposing impact fees,2024,Periodic,"Per-unit SF and MF impact fees by jurisdiction; statewide avg SF $18,432, MF $11,207","Utility connection charges, permit/plan-review fees",Advocacy source; redistribution restricted,"Reference/validation of $50k Handbook baseline only (cite, do not ship)",2,Y
WA,statewide,R8,SAO Financial Intelligence Tool (FIT) / LGFRS,WA State Auditor,https://sao.wa.gov/resource-library/Financial-Intelligence-Tool-%28FIT%29,Web tool export,Public,All local governments,FY2010s-FY2025,Annual,"Revenues by BARS account (impact fees, permit fees as revenue lines)",Per-unit fee schedules,"Revenue totals, not per-unit rates; download format to confirm",Fee revenue per permitted unit as cross-check,1,N
WA,statewide,R9,"State reform set (HB 1110, HB 1337, SB 5235, SB 5258, ESB 5923)",WA Legislature,https://app.leg.wa.gov/billsummary?BillNumber=1110&Year=2023,Web,Public,Statewide (by city size/UGA),2016-2025,n/a,Effective dates; local compliance deadlines ~mid-2025,Local adoption dates per city (need Commerce tracking),MM and ADU mandates <2 yrs post-period by 2026; SB 5235 (2021) ADU partial; Seattle 2019 ADU and 2019 MHA local reforms give 6+ yrs,Seattle ADU backtest; statewide MM only as early signal,2,N
OR,statewide,R1,Oregon Cadastral / ORMAP statewide taxlots,OR DOR ORMAP / DAS GEO Statewide Parcels Initiative,https://geohub.oregon.gov/pages/parcel-viewer,Web viewer; county services; statewide item 333a49f0... returned 'does not exist or inaccessible',Varies by county,Statewide geometry; attributes county-by-county,Current,Varies,"Map/taxlot number, geometry","Values, property class, year built, sq ft, units in statewide layer",Statewide Parcels Initiative (since 2023) not yet a verified attributed download; data.gov says taxlot layer requires contacting county assessors,"Denominator outside Metro requires county-by-county pulls (Lane, Deschutes, Marion)",1,Y
OR,"Portland Metro (Multnomah, Washington, Clackamas)",R1/R7,RLIS Taxlots (Public),Oregon Metro DRC,https://services2.arcgis.com/McQ0OlIABe29rJJy/arcgis/rest/services/Taxlots_(Public)/FeatureServer/3,ArcGIS FeatureServer + quarterly ZIP,RLIS Open Database End User License Agreement (ODbL-style; check share-alike/attribution),3 Metro counties,"Current, quarterly",Quarterly (last Jul-Aug 2026),"TLID, SITEADDR, JURIS_CITY, PROP_CODE, LANDUSE, STATECLASS, BLDGSQFT, YEARBUILT, A_T_ACRES, GIS_ACRES, LANDVAL, BLDGVAL, TOTALVAL, ASSESSVAL, SALEDATE, SALEPRICE, OWNERTYPE, HAS_MANY",Unit count (derive from PROP_CODE / multiple records),Only Metro; ODbL-style share-alike may bind derived databases,Full parcel funnel + sale prices for Portland region,3,Y
OR,Portland Metro,R2,RLIS Taxlots Change - Geometry + quarterly archives,Oregon Metro DRC,https://rlisdiscovery.oregonmetro.gov/datasets/drcMetro::taxlots-change-geometry,Download,RLIS Open Database license,3 Metro counties,Quarterly change files (history depth to confirm; older releases via DRC),Quarterly,New/changed taxlot geometry per quarter,Attribute history,Archive depth unclear,Detect lot splits (SB 458 middle-housing land divisions),2,Y
OR,statewide,R3,Zoning (Oregon GIS Framework),DLCD / ODOT,https://services8.arcgis.com/8PAo5HGmvRMlF2eU/arcgis/rest/services/Zoning/FeatureServer/0,ArcGIS FeatureServer,Custom; caveat that HB 2001 affects residential class accuracy,229 jurisdictions,Modified Jun 2023,Irregular,"localZCode, localZDesc, orZCode, orZDesc (generalized state classes), codeRef, effDate, unitOwner","Units per lot, min lot size, ADU allowance, height (no use/density rules)",Generalized classes only; post-HB 2001 all 'SF' zones allow duplex+ so class ≠ allowed units,Map residential zones; allowed units must come from statute by city size,2,Y
OR,statewide,R3,National Zoning Atlas - Oregon,National Zoning Atlas,https://www.zoningatlas.org/oregon,Web map,NZA terms,276 jurisdictions (in progress),Ongoing,Irregular,NZA district fields where done,Completion list,Incomplete,Supplement where done,1,Y
OR,statewide,R4/R5,HB 4006 Permitted and Produced Housing reports (cities >10k),DLCD Housing Portal,https://www.oregon.gov/lcd/UP/Documents/Housing_Portal_Instructions.pdf,Annual summary PDFs (State Library 2019-2023); raw portal data by request,Public,"Cities >10,000",2019-2024+,Annual,Units permitted and produced by type and affordability (per instructions),Record-level; parcel; demolitions not confirmed; unit-type list to enumerate,DLCD reporting page 'under construction'; data not posted as open table,State-standardized production by city incl. middle housing types; request xlsx,2,Y
OR,Portland,R4/R5,Residential Building Permits (new units since 1995),City of Portland BPS/BDS,https://www.portlandmaps.com/od/rest/services/COP_OpenData_PlanningDevelopment/MapServer/89,ArcGIS MapServer query,No license stated (City open data),City of Portland,"1995-2026 (1,300 recs 2025+, 591 in 2026)",Continuous,"FOLDERNUMB, INDATE, ISSUEDATE, YEAR_, STATUS, NEWCLASS, NEWTYPE, IS_ADU, NEW_UNITS, PROPGISID1, PROPLOT, PROP_ADDRE, SQFT, VALUATION, CONST, WORKDESC",Final/CO date (use Building Permit Milestone layer 1263),License unstated,Core backtest: SB 1051 ADU (2018) and RIP 2021 middle housing; IS_ADU flag,3,Y
OR,Portland,R6,Residential Demolition Permits,City of Portland BDS,https://www.portlandmaps.com/od/rest/services/COP_OpenData_PlanningDevelopment/MapServer/126,ArcGIS MapServer,No license stated,City of Portland,Historical-current,Continuous,Demolition permits for 1-2 family structures,Units removed for MF,Only 1-2 family,Net units,3,Y
OR,Portland,R6,Building Permit Milestone,City of Portland BDS,https://www.portlandmaps.com/od/rest/services/COP_OpenData_PlanningDevelopment/MapServer/1263,ArcGIS MapServer,No license stated,City of Portland,AMANDA era,Daily,Folder milestones incl. approvals/finals,-,Need to join by folder number,Permit->completion lag,2,N
OR,Bend,R4/R5/R6,Permitting Table,City of Bend,https://services5.arcgis.com/JisFYcK2mIVg9ueP/arcgis/rest/services/Permitting_Table/FeatureServer,ArcGIS FeatureServer,Custom,City of Bend,1934-present,Weekly,"ApplicationNumber, ApplicationDate, IssueDate, DateFinaled, Units, SQFT, AffordableHousing, ApplicationType, TypeDesc, BldgUse, UseDesc, BuildingCategory, HB2001ADU, HB2306Path, TAXLOT, Address, ProjectValuation",Demolished units (infer from ApplicationType),Custom license text to check,"Best-in-class small city: units, ADU flag, finals, taxlot",3,Y
OR,Eugene,R4,Housing & Employment Development Dashboard spreadsheets,City of Eugene,https://www.eugene-or.gov/5288/Housing-Employment-Development-Dashboard,Excel downloads,Unstated,City of Eugene,Dec 2012-Dec 2025,Annual,"Per-project per-year housing mix, density by plan designation, permit numbers","Confirm ADU, parcel, dates fields",Not an API; fields unconfirmed,Record-ish production by type,2,Y
OR,Salem,R4,Structure Permits,City of Salem,https://services.arcgis.com/kIA6yS9KDGqZL7U3/arcgis/rest/services/Structure_Permits/FeatureServer,ArcGIS FeatureServer,"Custom: derivative works OK, no commercial redistribution",City of Salem,Rolling window (DAYS_FROM_DATE field) - confirm depth,Daily,"FOLDERNUMBER, PROPERTYADDRESS, CREATEDDATE, ISSUEDDATE, SUBDESCRIPTION, WORKDESCRIPTION, STATUS, MAPDESCRIPTION","Units, taxlot, ADU flag, final date",Thin; likely recent-only,Supplement BPS,1,Y
OR,statewide,R8,2025 System Development Charges Survey Report,League of Oregon Cities,https://www.orcities.org/application/files/6417/6556/5551/2025_SDC_Survey_Report_-_FINAL_with_cover_v2.pdf,PDF,No terms stated,89 responding cities (61% of city pop.),2022-2025,"Biennial-ish (2023, 2025)","SDC averages by type, region and size quintile; hypothetical-project totals",City-level per-unit SDCs,Aggregated; no city table,Calibrate fee share vs $50k baseline; city values from schedules,2,Y
OR,statewide,R8,OHCS HB 3040 SDC Study (ECONorthwest),OHCS,https://www.oregon.gov/ohcs/development/Documents/Oregon%20SDC%20Study_Report_PublicReviewDraft_101822.pdf,PDF,Public,Case-study cities,2022,One-off,SDCs per unit by housing type for case-study cities incl. middle housing/ADU,Statewide coverage,Dated 2022,Per-unit SDC by type,2,N
OR,statewide,R9,"State reform set (SB 1051, HB 2001, SB 458, HB 2138)",Oregon Legislature,https://olis.oregonlegislature.gov/liz/2019R1/Measures/Overview/HB2001,Web,Public,Statewide by city size,2018-2025,n/a,"ADU 2018 (8 yrs), MM compliance 2021-22 (4-5 yrs), land division 2022",Local adoption dates by city (DLCD compliance tracking),Fees: only Portland SDC exemption Aug 2025 (<2 yrs),Strongest in-region backtest for ADU and MM,3,N
MT,statewide,R1,"Montana Cadastral (Parcels, MSDI)",Montana State Library / DOR,https://ftpgeoinfo.msl.mt.gov/Data/Spatial/MSDI/Cadastral/,"FTP ZIP (GDB ~865MB, SHP ~1GB) + ArcGIS services",Public; MSL disclaimer; state law bars use of owner names as mailing lists,All 56 counties,Current (Sep 2026),Monthly,"PARCELID/Geocode, COUNTYCD, TaxYear, PropType, TotalAcres, GISAcres, TotalLandValue, TotalBuildingValue, TotalValue, LevyDistrict, AddressLine1, Subdivision, CertificateOfSurvey, PropertyCardLink","Year built, sq ft, dwelling count not in parcel layer (in ORION CAMA tables)",PropType coarse (improved urban/rural); join to CAMA needed,Statewide eligible-parcel denominator,3,Y
MT,statewide,R1,"ORION CAMA SQL databases (STATE-WIDE.ZIP, COUNTY1-56.ZIP)",Montana DOR via MSL,https://ftpgeoinfo.msl.mt.gov/Data/Spatial/MSDI/Cadastral/ORION_SQLDatabases/,"FTP ZIP (SQL Server Express backups) + docs (Orion_Diagram.pdf, query scripts)",Public (same as cadastral),All 56 counties,Current (Sep 25 2026),Monthly,"CAMA residential/commercial building tables (expected: year built, sq ft, dwelling type, units) - per Orion diagram",Enumerate actual table/field names,Requires SQL Server restore; schema documented only in diagram PDF,"Building-level attributes for SF detection, ADU presence, feasibility",3,N
MT,statewide,R2,Cadastral historic archives,Montana State Library,http://ftpgeoinfo.msl.mt.gov/Data/Spatial/MSDI/Cadastral/CadastralHistoric/,FTP ZIP,Public,Statewide,Dec 2002-Dec 2025 (annual/semiannual) + CadNSDI 2013-2026,Annual archive,Same parcel schema per vintage,CAMA building tables per vintage (check whether archived),Schema drift across 20 yrs,"Parcel panel: new dwellings, splits pre/post SB 323/528 (and injunction gap)",3,Y
MT,statewide,R3,National Zoning Atlas - Montana,National Zoning Atlas / Frontier Institute,https://www.zoningatlas.org/montana,Web map + Zoning Snapshots; bulk data by request,NZA terms (verify redistribution/commercial),All 182 zoning jurisdictions,Analysis for 2023 session; follow-up through 2025,Irregular,"NZA district fields: family-unit treatment (1-4+), min lot size, ADU allowance",Post-SB 323/528 and MLUPA updates,Pre-reform vintage; bulk download not confirmed,Identify SF-only districts pre-reform,2,Y
MT,statewide,R4,MLUPA (SB 382) housing requirements,MT Legislature / Commerce CTAP,https://mca.legmt.gov/bills/mca/title_0760/chapter_0250/part_0020/section_0060/0760-0250-0020-0060.html,Statute,Public,Covered cities/counties,n/a,Five-year review only,Housing needs analysis; progress documented at fifth-year review; 5 of 14 strategies (76-25-302),Annual production reporting to state - none,No standardized production data,Only for coding which strategies each city adopted,0,Y
MT,Missoula,R4,"Development Data (monthly/quarterly reports, weekly permit lists, dashboards)",City of Missoula,https://www.ci.missoula.mt.us/3113/Development-Data,PDF/web reports; ArcGIS Experience dashboards (no open feature service found),Unstated,City of Missoula,Monthly reports Jan 2010-present,Monthly/weekly,Permits by building type with dwelling units; weekly lists with address/work description,"Record-level machine-readable export, parcel ID, ADU flag, finals",PDF scraping needed,Units by type pre/post 2024 reforms,1,Y
MT,Bozeman,R4,Building Permits map service (Naviline),City of Bozeman,https://gisweb.bozeman.net/arcgis/rest/services/Internal/Building_Permits/MapServer,ArcGIS MapServer ('Internal'),Unstated,City of Bozeman,Rolling 6 months,Unknown,Permit points (fields unconfirmed),"History, units, ADU flag",Rolling window; data dashboard page 403,Must archive or PRR,1,Y
MT,Billings,R4,Building Division Statistics,City of Billings,https://www.billingsmt.gov/662/Statistics,Web/PDF,Unstated,City of Billings,Unknown,Monthly (per brief),Aggregate permit stats,Record-level,Page unreachable this pass (connect timeout),BPS primary,1,N
MT,statewide,R4,Census Building Permits Survey (place-level),US Census Bureau,https://www.census.gov/construction/bps/,Bulk text files,Public domain,Permit-issuing places (many MT towns non-issuing),1980s-present,Monthly/annual,Units by 1/2/3-4/5+ structure,"ADUs, completions",Imputation for non-reporters; many MT places not permit-issuing,Primary outcome series for MT,2,N
MT,statewide,R7,Realty Transfer Certificate confidentiality (MCA 15-7-308),MT Legislature / DOR,https://mca.legmt.gov/bills/mca/title_0150/chapter_0070/part_0030/section_0080/0150-0070-0030-0080.html,Statute,n/a,Statewide,n/a,n/a,RTC and its sale price are 'not a public record and must be held confidential'; only compilations/summaries may be released,Transaction-level sale prices anywhere in MT,Statewide non-disclosure (not county-varying),"Use CAMA assessed values, DOR ratio-study summaries, ACS/HUD rents; MLS aggregates not redistributable",1,Y
MT,Bozeman,R8,Impact Fees (schedule + 2024-25 fee studies),City of Bozeman,https://www.bozeman.net/departments/community-development/development-center/impact-fees,Web + PDF studies; amounts in municipal code,Public,City of Bozeman,2024-2026,Annual inflation adjustment (Jan 1),"Water, wastewater, fire/EMS, street impact fees",Per-unit amounts not on page (in BMC Art. 6 Div. 9 / studies),Manual extraction,City fee vector vs $50k baseline,1,Y
MT,statewide,R8,Impact fee statutes (MCA 7-6-16xx; SB 133 2025),MT Legislature,https://mca.legmt.gov/bills/mca/title_0070/chapter_0060/part_0160/section_0040/0070-0060-0160-0040.html,Statute,Public,Statewide,n/a,n/a,Advisory committee reviews fees,No state fee reporting or annual report requirement,No central fee data,Model SB 528 ADU fee exemption and SB 133 caps,0,Y
MT,statewide,R9,"State reform set (SB 323, SB 528, SB 382, SB 532, SB 133)",MT Legislature,https://leg.mt.gov/bills/2023/billhtml/SB0323.htm,Web,Public,"Cities 5,000+ (SB 323/528); MLUPA covered cities",2024-2026,n/a,Effective 2024-01-01; enjoined to 2024-09-03; upheld 2026-03-17,City adoption of MLUPA strategies (deadline 2026-05),~2 yrs post-injunction by late 2026 but under legal cloud until Mar 2026,Injunction window as natural experiment; short post-period,1,N
